"address	categories/0	categories/1	categories/2	categories/3	categoryName	cid	city	countryCode	isAdvertisement	locatedIn	location/lat	location/lng	menu	neighborhood	permanentlyClosed	phone	placeId	plusCode	postalCode	price	rank	reviewsCount	reviewsDistribution/fiveStar	reviewsDistribution/fourStar	reviewsDistribution/oneStar	reviewsDistribution/threeStar	reviewsDistribution/twoStar	scrapedAt	searchPageUrl	searchString	state	street	subTitle	temporarilyClosed	title	totalScore	url	website	""address,""""categories/0"""",""""categories/1"""",""""categories/2"""",""""categories/3"""",""""categoryName"""",""""cid"""",""""city"""",""""countryCode"""",""""isAdvertisement"""",""""locatedIn"""",""""location/lat"""",""""location/lng"""",""""menu"""",""""neighborhood"""",""""permanentlyClosed"""",""""phone"""",""""placeId"""",""""plusCode"""",""""postalCode"""",""""price"""",""""rank"""",""""reviewsCount"""",""""reviewsDistribution/fiveStar"""",""""reviewsDistribution/fourStar"""",""""reviewsDistribution/oneStar"""",""""reviewsDistribution/threeStar"""",""""reviewsDistribution/twoStar"""",""""scrapedAt"""",""""searchPageUrl"""",""""searchString"""",""""state"""",""""street"""",""""subTitle"""",""""temporarilyClosed"""",""""title"""",""""totalScore"""",""""url"""",""""website"""""""
"GX76+5MF, Marsal Tito, Kichevo, North Macedonia             GX76+5MF, Маршал Тито, Кичево	Currency exchange service				Currency exchange service	6,62234E+18	Kichevo	MK	FALSE		415.129.348	20.961.684		GX76+5MF, Marsal Tito	FALSE	+389 45 225 555	ChIJ83pW6Dk2URMRYf-4x9dC51s				12	2	1	0	0	1	0	2022-11-10T08:31:53.805Z	https://www.google.com/maps/search/exchange/@41.7153491,20.5349128,12z?hl=en	exchange		GX76+5MF, Marsal Tito	Менувачница Бра-Борс	FALSE	Menuvacnica Bra-Bors	4	https://www.google.com/maps/place/Menuvacnica+Bra-Bors/@41.5129348,20.961684,17z/data=!3m1!4b1!4m5!3m4!1s0x13513639e8567af3:0x5be742d7c7b8ff61!8m2!3d41.5129348!4d20.961684?hl=en		""GX76+5MF, Marsal Tito, Kichevo, North Macedonia             GX76+5MF, Маршал Тито, Кичево,""""Currency exchange service"""",,,,""""Currency exchange service"""",""""6622335271607795553"""",""""Kichevo"""",""""MK"""",""""false"""",,""""41.5129348"""",""""20.961684"""",,""""GX76+5MF, Marsal Tito"""",""""false"""",""""+389 45 225 555"""",""""ChIJ83pW6Dk2URMRYf-4x9dC51s"""",,,,""""12"""",""""2"""",""""1"""",""""0"""",""""0"""",""""1"""",""""0"""",""""2022-11-10T08:31:53.805Z"""",""""https://www.google.com/maps/search/exchange/@41.7153491,20.5349128,12z?hl=en"""",""""exchange"""",,""""GX76+5MF, Marsal Tito"""",""""Менувачница Бра-Борс"""",""""false"""",""""Menuvacnica Bra-Bors"""",""""4"""",""""https://www.google.com/maps/place/Menuvacnica+Bra-Bors/@41.5129348,20.961684,17z/data=!3m1!4b1!4m5!3m4!1s0x13513639e8567af3:0x5be742d7c7b8ff61!8m2!3d41.5129348!4d20.961684?hl=en"""","""
"QWV5+36J, Brakja Gjinoski, Gostivar 1230, North Macedonia             QWV5+36J, Bra?a ?inoski, Гостивар 1230	Money transfer service				Money transfer service	1,64578E+19	Gostivar	MK	FALSE		417.927.079	209.080.002		QWV5+36J, Brakja Gjinoski	FALSE	+389 70 326 907	ChIJnfirKYZXURMRtW_plsewZeQ		1230		13	0	0	0	0	0	0	2022-11-10T08:31:57.705Z	https://www.google.com/maps/search/exchange/@41.7153491,20.5349128,12z?hl=en	exchange		QWV5+36J, Brakja Gjinoski		FALSE	MoneyGram IBO menuvacnica ( UKA )		https://www.google.com/maps/place/MoneyGram+IBO+menuvacnica+(+UKA+)/@41.7927079,20.9080002,17z/data=!3m1!4b1!4m5!3m4!1s0x1351578629abf89d:0xe465b0c796e96fb5!8m2!3d41.7927079!4d20.9080002?hl=en		""QWV5+36J, Brakja Gjinoski, Gostivar 1230, North Macedonia             QWV5+36J, Bra?a ?inoski, Гостивар 1230,""""Money transfer service"""",,,,""""Money transfer service"""",""""16457754784572207029"""",""""Gostivar"""",""""MK"""",""""false"""",,""""41.7927079"""",""""20.9080002"""",,""""QWV5+36J, Brakja Gjinoski"""",""""false"""",""""+389 70 326 907"""",""""ChIJnfirKYZXURMRtW_plsewZeQ"""",,""""1230"""",,""""13"""",""""0"""",""""0"""",""""0"""",""""0"""",""""0"""",""""0"""",""""2022-11-10T08:31:57.705Z"""",""""https://www.google.com/maps/search/exchange/@41.7153491,20.5349128,12z?hl=en"""",""""exchange"""",,""""QWV5+36J, Brakja Gjinoski"""",,""""false"""",""""MoneyGram IBO menuvacnica ( UKA )"""",,""""https://www.google.com/maps/place/MoneyGram+IBO+menuvacnica+(+UKA+)/@41.7927079,20.9080002,17z/data=!3m1!4b1!4m5!3m4!1s0x1351578629abf89d:0xe465b0c796e96fb5!8m2!3d41.7927079!4d20.9080002?hl=en"""","""
"Velko Vlahoviq, Debar 1250, North Macedonia	Non-governmental organization				Non-governmental organization	1,17749E+19	Debar	MK	FALSE		41.521.177	20.526.973		Velko Vlahoviq	FALSE	+389 46 835 106	ChIJzaVQ-uMRURMR0oa5R1TWaKM	GGCG+FQ Debar, North Macedonia	1250		42	2	2	0	0	0	0	2022-11-10T08:32:11.823Z	https://www.google.com/maps/search/exchange/@41.7153491,20.5349128,12z?hl=en	exchange		Velko Vlahoviq		FALSE	CSCD	5	https://www.google.com/maps/place/CSCD/@41.521177,20.526973,17z/data=!3m1!4b1!4m5!3m4!1s0x135111e3fa50a5cd:0xa368d65447b986d2!8m2!3d41.521177!4d20.526973?hl=en	http://cscd.org.mk/	""Velko Vlahoviq, Debar 1250, North Macedonia,""""Non-governmental organization"""",,,,""""Non-governmental organization"""",""""11774896883229099730"""",""""Debar"""",""""MK"""",""""false"""",,""""41.521177"""",""""20.526973"""",,""""Velko Vlahoviq"""",""""false"""",""""+389 46 835 106"""",""""ChIJzaVQ-uMRURMR0oa5R1TWaKM"""",""""GGCG+FQ Debar, North Macedonia"""",""""1250"""",,""""42"""",""""2"""",""""2"""",""""0"""",""""0"""",""""0"""",""""0"""",""""2022-11-10T08:32:11.823Z"""",""""https://www.google.com/maps/search/exchange/@41.7153491,20.5349128,12z?hl=en"""",""""exchange"""",,""""Velko Vlahoviq"""",,""""false"""",""""CSCD"""",""""5"""",""""https://www.google.com/maps/place/CSCD/@41.521177,20.526973,17z/data=!3m1!4b1!4m5!3m4!1s0x135111e3fa50a5cd:0xa368d65447b986d2!8m2!3d41.521177!4d20.526973?hl=en"""",""""http://cscd.org.mk/"""""""
"5MJG+79X, Proleterski Brigadi, Struga, North Macedonia	Bank				Bank	7,4413E+18	Struga	MK	FALSE		411.807.373	206.759.731		5MJG+79X, Proleterski Brigadi	FALSE		ChIJd4bSriLnUBMR2Rr6Y5PPRGc				27	3	1	1	0	1	0	2022-11-10T08:32:18.265Z	https://www.google.com/maps/search/exchange/@41.1059466,20.8034826,12z?hl=en	exchange		5MJG+79X, Proleterski Brigadi	ТТК Банка	FALSE	TTK Bank	4	https://www.google.com/maps/place/TTK+Bank/@41.1807373,20.6759731,17z/data=!3m1!4b1!4m5!3m4!1s0x1350e722aed28677:0x6744cf9363fa1ad9!8m2!3d41.1807373!4d20.6759731?hl=en		""5MJG+79X, Proleterski Brigadi, Struga, North Macedonia,""""Bank"""",,,,""""Bank"""",""""7441300716267379417"""",""""Struga"""",""""MK"""",""""false"""",,""""41.1807373"""",""""20.6759731"""",,""""5MJG+79X, Proleterski Brigadi"""",""""false"""",,""""ChIJd4bSriLnUBMR2Rr6Y5PPRGc"""",,,,""""27"""",""""3"""",""""1"""",""""1"""",""""0"""",""""1"""",""""0"""",""""2022-11-10T08:32:18.265Z"""",""""https://www.google.com/maps/search/exchange/@41.1059466,20.8034826,12z?hl=en"""",""""exchange"""",,""""5MJG+79X, Proleterski Brigadi"""",""""ТТК Банка"""",""""false"""",""""TTK Bank"""",""""4"""",""""https://www.google.com/maps/place/TTK+Bank/@41.1807373,20.6759731,17z/data=!3m1!4b1!4m5!3m4!1s0x1350e722aed28677:0x6744cf9363fa1ad9!8m2!3d41.1807373!4d20.6759731?hl=en"""","""
"4Q7X+CV4, St Clement of Ohrid, Ohrid 6000, North Macedonia             4Q7X+CV4, Sveti Kliment Ohridski, Охрид 6000	Casino				Casino	1,24893E+19	Ohrid	MK	FALSE	Complex Letnitsa	411.135.022	207.997.112		4Q7X+CV4, St Clement of Ohrid	FALSE		ChIJOaGrLW7dUBMRsVzynhYIU60		6000		26	2	1	0	1	0	0	2022-11-10T08:32:20.976Z	https://www.google.com/maps/search/exchange/@41.1059466,20.8034826,12z?hl=en	exchange		4Q7X+CV4, St Clement of Ohrid		FALSE	SL Club	3	https://www.google.com/maps/place/SL+Club/@41.1135022,20.7997112,17z/data=!3m1!4b1!4m5!3m4!1s0x1350dd6e2daba139:0xad5308169ef25cb1!8m2!3d41.1135022!4d20.7997112?hl=en		""4Q7X+CV4, St Clement of Ohrid, Ohrid 6000, North Macedonia             4Q7X+CV4, Sveti Kliment Ohridski, Охрид 6000,""""Casino"""",,,,""""Casino"""",""""12489335084877503665"""",""""Ohrid"""",""""MK"""",""""false"""",""""Complex Letnitsa"""",""""41.1135022"""",""""20.7997112"""",,""""4Q7X+CV4, St Clement of Ohrid"""",""""false"""",,""""ChIJOaGrLW7dUBMRsVzynhYIU60"""",,""""6000"""",,""""26"""",""""2"""",""""1"""",""""0"""",""""1"""",""""0"""",""""0"""",""""2022-11-10T08:32:20.976Z"""",""""https://www.google.com/maps/search/exchange/@41.1059466,20.8034826,12z?hl=en"""",""""exchange"""",,""""4Q7X+CV4, St Clement of Ohrid"""",,""""false"""",""""SL Club"""",""""3"""",""""https://www.google.com/maps/place/SL+Club/@41.1135022,20.7997112,17z/data=!3m1!4b1!4m5!3m4!1s0x1350dd6e2daba139:0xad5308169ef25cb1!8m2!3d41.1135022!4d20.7997112?hl=en"""","""
"St. Turisticka no. 50/4 Building 2, Local 9, Ohrid 6000, North Macedonia	Money transfer service				Money transfer service	1,27401E+19	Ohrid	MK	FALSE		4.111.668	20.803.953		St. Turisticka no. 50/4 Building 2, Local 9	FALSE	+389 46 255 055	ChIJs9IQyKHcUBMRxGUg3JL2zbA	4R83+MH Ohrid, North Macedonia	6000		25	0	0	0	0	0	0	2022-11-10T08:32:27.874Z	https://www.google.com/maps/search/exchange/@41.1059466,20.8034826,12z?hl=en	exchange		St. Turisticka no. 50/4 Building 2, Local 9	Риа трансфер на пари	FALSE	Ria Money Transfer		https://www.google.com/maps/place/Ria+Money+Transfer/@41.11668,20.803953,17z/data=!3m1!4b1!4m5!3m4!1s0x1350dca1c810d2b3:0xb0cdf692dc2065c4!8m2!3d41.11668!4d20.803953?hl=en	http://www.capitalria.mk/	""St. Turisticka no. 50/4 Building 2, Local 9, Ohrid 6000, North Macedonia,""""Money transfer service"""",,,,""""Money transfer service"""",""""12740110031519770052"""",""""Ohrid"""",""""MK"""",""""false"""",,""""41.11668"""",""""20.803953"""",,""""St. Turisticka no. 50/4 Building 2, Local 9"""",""""false"""",""""+389 46 255 055"""",""""ChIJs9IQyKHcUBMRxGUg3JL2zbA"""",""""4R83+MH Ohrid, North Macedonia"""",""""6000"""",,""""25"""",""""0"""",""""0"""",""""0"""",""""0"""",""""0"""",""""0"""",""""2022-11-10T08:32:27.874Z"""",""""https://www.google.com/maps/search/exchange/@41.1059466,20.8034826,12z?hl=en"""",""""exchange"""",,""""St. Turisticka no. 50/4 Building 2, Local 9"""",""""Риа трансфер на пари"""",""""false"""",""""Ria Money Transfer"""",,""""https://www.google.com/maps/place/Ria+Money+Transfer/@41.11668,20.803953,17z/data=!3m1!4b1!4m5!3m4!1s0x1350dca1c810d2b3:0xb0cdf692dc2065c4!8m2!3d41.11668!4d20.803953?hl=en"""",""""http://www.capitalria.mk/"""""""
"Partizanska 24, Ohrid 6000, North Macedonia             Партизанска 24, Охрид 6000	Bank	ATM			Bank	1,56944E+19	Ohrid	MK	FALSE		411.105.943	20.805.936		Partizanska 24	FALSE	+389 2 316 7402	ChIJg5ekDafcUBMRSdY61k7Pzdk	4R64+69 Ohrid, North Macedonia	6000		24	15	7	4	2	1	1	2022-11-10T08:32:36.052Z	https://www.google.com/maps/search/exchange/@41.1059466,20.8034826,12z?hl=en	exchange		Partizanska 24		FALSE	Komercijalna Banka	03.септ	https://www.google.com/maps/place/Komercijalna+Banka/@41.1105943,20.805936,17z/data=!3m1!4b1!4m5!3m4!1s0x1350dca70da49783:0xd9cdcf4ed63ad649!8m2!3d41.1106789!4d20.805807?hl=en	http://www.kb.mk/	""Partizanska 24, Ohrid 6000, North Macedonia             Партизанска 24, Охрид 6000,""""Bank"""",""""ATM"""",,,""""Bank"""",""""15694428213964625481"""",""""Ohrid"""",""""MK"""",""""false"""",,""""41.1105943"""",""""20.805936"""",,""""Partizanska 24"""",""""false"""",""""+389 2 316 7402"""",""""ChIJg5ekDafcUBMRSdY61k7Pzdk"""",""""4R64+69 Ohrid, North Macedonia"""",""""6000"""",,""""24"""",""""15"""",""""7"""",""""4"""",""""2"""",""""1"""",""""1"""",""""2022-11-10T08:32:36.052Z"""",""""https://www.google.com/maps/search/exchange/@41.1059466,20.8034826,12z?hl=en"""",""""exchange"""",,""""Partizanska 24"""",,""""false"""",""""Komercijalna Banka"""",""""3.9"""",""""https://www.google.com/maps/place/Komercijalna+Banka/@41.1105943,20.805936,17z/data=!3m1!4b1!4m5!3m4!1s0x1350dca70da49783:0xd9cdcf4ed63ad649!8m2!3d41.1106789!4d20.805807?hl=en"""",""""http://www.kb.mk/"""""""
"E852, Podmolje 6330, North Macedonia             E852, Подмоље 6330	Currency exchange service	Gas station	Market	Restaurant	Gas station	1,53003E+19	Podmolje	MK	FALSE		411.668.645	207.339.582		E852	FALSE	+389 71 233 217	ChIJO9mZp5XdUBMRSeT8wsGuVdQ	5P8M+PH Podmolje, North Macedonia	6330		21	177	125	23	7	13	9	2022-11-10T08:32:44.162Z	https://www.google.com/maps/search/exchange/@41.1059466,20.8034826,12z?hl=en	exchange		E852	Бесјани Бензинска Станица	FALSE	Besjani Petrol	04.апр	https://www.google.com/maps/place/Besjani+Petrol/@41.1668645,20.7339582,17z/data=!3m1!4b1!4m5!3m4!1s0x1350dd95a799d93b:0xd455aec1c2fce449!8m2!3d41.1668645!4d20.7339582?hl=en	http://besjani.com/	""E852, Podmolje 6330, North Macedonia             E852, Подмоље 6330,""""Currency exchange service"""",""""Gas station"""",""""Market"""",""""Restaurant"""",""""Gas station"""",""""15300327456284402761"""",""""Podmolje"""",""""MK"""",""""false"""",,""""41.1668645"""",""""20.7339582"""",,""""E852"""",""""false"""",""""+389 71 233 217"""",""""ChIJO9mZp5XdUBMRSeT8wsGuVdQ"""",""""5P8M+PH Podmolje, North Macedonia"""",""""6330"""",,""""21"""",""""177"""",""""125"""",""""23"""",""""7"""",""""13"""",""""9"""",""""2022-11-10T08:32:44.162Z"""",""""https://www.google.com/maps/search/exchange/@41.1059466,20.8034826,12z?hl=en"""",""""exchange"""",,""""E852"""",""""Бесјани Бензинска Станица"""",""""false"""",""""Besjani Petrol"""",""""4.4"""",""""https://www.google.com/maps/place/Besjani+Petrol/@41.1668645,20.7339582,17z/data=!3m1!4b1!4m5!3m4!1s0x1350dd95a799d93b:0xd455aec1c2fce449!8m2!3d41.1668645!4d20.7339582?hl=en"""",""""http://besjani.com/"""""""
"28JM+98W, Petar Petrovikj Njegosh, Bitola, North Macedonia             28JM+98W, Петар Петровиќ Његош, Битола	Currency exchange service				Currency exchange service	3,44688E+18	Bitola	MK	FALSE		410.309.961	213.333.233		28JM+98W, Petar Petrovikj Njegosh	FALSE	+389 47 257 844	ChIJrepV4f0kVxMRkr9qnwLF1S8				25	5	5	0	0	0	0	2022-11-10T08:32:51.158Z	https://www.google.com/maps/search/exchange/@40.9028124,20.8034826,12z?hl=en	exchange		28JM+98W, Petar Petrovikj Njegosh		FALSE	Саат кула	5	https://www.google.com/maps/place/%D0%A1%D0%B0%D0%B0%D1%82+%D0%BA%D1%83%D0%BB%D0%B0/@41.0309961,21.3333233,17z/data=!3m1!4b1!4m5!3m4!1s0x135724fde155eaad:0x2fd5c5029f6abf92!8m2!3d41.0309961!4d21.3333233?hl=en		""28JM+98W, Petar Petrovikj Njegosh, Bitola, North Macedonia             28JM+98W, Петар Петровиќ Његош, Битола,""""Currency exchange service"""",,,,""""Currency exchange service"""",""""3446877704877162386"""",""""Bitola"""",""""MK"""",""""false"""",,""""41.0309961"""",""""21.3333233"""",,""""28JM+98W, Petar Petrovikj Njegosh"""",""""false"""",""""+389 47 257 844"""",""""ChIJrepV4f0kVxMRkr9qnwLF1S8"""",,,,""""25"""",""""5"""",""""5"""",""""0"""",""""0"""",""""0"""",""""0"""",""""2022-11-10T08:32:51.158Z"""",""""https://www.google.com/maps/search/exchange/@40.9028124,20.8034826,12z?hl=en"""",""""exchange"""",,""""28JM+98W, Petar Petrovikj Njegosh"""",,""""false"""",""""Саат кула"""",""""5"""",""""https://www.google.com/maps/place/%D0%A1%D0%B0%D0%B0%D1%82+%D0%BA%D1%83%D0%BB%D0%B0/@41.0309961,21.3333233,17z/data=!3m1!4b1!4m5!3m4!1s0x135724fde155eaad:0x2fd5c5029f6abf92!8m2!3d41.0309961!4d21.3333233?hl=en"""","""
"Trst 13 (Old bazaar), Bitola 7000, North Macedonia	Currency exchange service				Currency exchange service	3,31589E+18	Bitola	MK	FALSE		41.032.338	21.338.035		Trst 13 (Old bazaar)	FALSE	+389 47 237 374	ChIJWb0f0_4kVxMRQHgEHh9lBC4	28JQ+W6 Bitola, North Macedonia	7000		24	2	2	0	0	0	0	2022-11-10T08:32:58.064Z	https://www.google.com/maps/search/exchange/@40.9028124,20.8034826,12z?hl=en	exchange		Trst 13 (Old bazaar)	""Менувачница """"Примус""""""	FALSE	""Exchange office """"Primus""""""	5	https://www.google.com/maps/place/Exchange+office+%22Primus%22/@41.032338,21.338035,17z/data=!3m1!4b1!4m5!3m4!1s0x135724fed31fbd59:0x2e04651f1e047840!8m2!3d41.032338!4d21.338035?hl=en	http://exchange-office-primus.business.site/	""Trst 13 (Old bazaar), Bitola 7000, North Macedonia,""""Currency exchange service"""",,,,""""Currency exchange service"""",""""3315886409973528640"""",""""Bitola"""",""""MK"""",""""false"""",,""""41.032338"""",""""21.338035"""",,""""Trst 13 (Old bazaar)"""",""""false"""",""""+389 47 237 374"""",""""ChIJWb0f0_4kVxMRQHgEHh9lBC4"""",""""28JQ+W6 Bitola, North Macedonia"""",""""7000"""",,""""24"""",""""2"""",""""2"""",""""0"""",""""0"""",""""0"""",""""0"""",""""2022-11-10T08:32:58.064Z"""",""""https://www.google.com/maps/search/exchange/@40.9028124,20.8034826,12z?hl=en"""",""""exchange"""",,""""Trst 13 (Old bazaar)"""",""""Менувачница """"""""Примус"""""""""""",""""false"""",""""Exchange office """"""""Primus"""""""""""",""""5"""",""""https://www.google.com/maps/place/Exchange+office+%22Primus%22/@41.032338,21.338035,17z/data=!3m1!4b1!4m5!3m4!1s0x135724fed31fbd59:0x2e04651f1e047840!8m2!3d41.032338!4d21.338035?hl=en"""",""""http://exchange-office-primus.business.site/"""""""
"Dimitar Ilievski - Murato 22, Bitola 7000, North Macedonia             Димитар Илиевски - Мурато 22, Битола 7000	Currency exchange service				Currency exchange service	8,49945E+16	Bitola	MK	FALSE		410.281.796	21.337.659		Dimitar Ilievski - Murato 22	FALSE		ChIJ816ebhglVxMRQdxkwQ_2LQE	28HQ+73 Bitola, North Macedonia	7000		22	0	0	0	0	0	0	2022-11-10T08:33:04.676Z	https://www.google.com/maps/search/exchange/@40.9028124,20.8034826,12z?hl=en	exchange		Dimitar Ilievski - Murato 22		FALSE	Crypto Tresor		https://www.google.com/maps/place/Crypto+Tresor/@41.0281796,21.337659,17z/data=!3m1!4b1!4m5!3m4!1s0x135725186e9e5ef3:0x12df60fc164dc41!8m2!3d41.028177!4d21.3376605?hl=en		""Dimitar Ilievski - Murato 22, Bitola 7000, North Macedonia             Димитар Илиевски - Мурато 22, Битола 7000,""""Currency exchange service"""",,,,""""Currency exchange service"""",""""84994515519462465"""",""""Bitola"""",""""MK"""",""""false"""",,""""41.0281796"""",""""21.337659"""",,""""Dimitar Ilievski - Murato 22"""",""""false"""",,""""ChIJ816ebhglVxMRQdxkwQ_2LQE"""",""""28HQ+73 Bitola, North Macedonia"""",""""7000"""",,""""22"""",""""0"""",""""0"""",""""0"""",""""0"""",""""0"""",""""0"""",""""2022-11-10T08:33:04.676Z"""",""""https://www.google.com/maps/search/exchange/@40.9028124,20.8034826,12z?hl=en"""",""""exchange"""",,""""Dimitar Ilievski - Murato 22"""",,""""false"""",""""Crypto Tresor"""",,""""https://www.google.com/maps/place/Crypto+Tresor/@41.0281796,21.337659,17z/data=!3m1!4b1!4m5!3m4!1s0x135725186e9e5ef3:0x12df60fc164dc41!8m2!3d41.028177!4d21.3376605?hl=en"""","""
"MK, Roosevelt 32 v, Bitola 7000, North Macedonia             MK, Рузвелтова 32 v, Битола 7000	Currency exchange service				Currency exchange service	1,10124E+18	Bitola	MK	FALSE		410.289.325	213.368.083		MK, Roosevelt 32 v	FALSE	+389 78 361 842	ChIJ1z79EvwkVxMRtrrZ4a5iSA8	28HP+HP Bitola, North Macedonia	7000		21	1	1	0	0	0	0	2022-11-10T08:33:12.257Z	https://www.google.com/maps/search/exchange/@40.9028124,20.8034826,12z?hl=en	exchange		MK, Roosevelt 32 v	Претвори - Менувачница	FALSE	Convert - Exchange Office	5	https://www.google.com/maps/place/Convert+-+Exchange+Office/@41.0289325,21.3368083,17z/data=!3m1!4b1!4m5!3m4!1s0x135724fc12fd3ed7:0xf4862aee1d9bab6!8m2!3d41.0289325!4d21.3368083?hl=en		""MK, Roosevelt 32 v, Bitola 7000, North Macedonia             MK, Рузвелтова 32 v, Битола 7000,""""Currency exchange service"""",,,,""""Currency exchange service"""",""""1101238612145060534"""",""""Bitola"""",""""MK"""",""""false"""",,""""41.0289325"""",""""21.3368083"""",,""""MK, Roosevelt 32 v"""",""""false"""",""""+389 78 361 842"""",""""ChIJ1z79EvwkVxMRtrrZ4a5iSA8"""",""""28HP+HP Bitola, North Macedonia"""",""""7000"""",,""""21"""",""""1"""",""""1"""",""""0"""",""""0"""",""""0"""",""""0"""",""""2022-11-10T08:33:12.257Z"""",""""https://www.google.com/maps/search/exchange/@40.9028124,20.8034826,12z?hl=en"""",""""exchange"""",,""""MK, Roosevelt 32 v"""",""""Претвори - Менувачница"""",""""false"""",""""Convert - Exchange Office"""",""""5"""",""""https://www.google.com/maps/place/Convert+-+Exchange+Office/@41.0289325,21.3368083,17z/data=!3m1!4b1!4m5!3m4!1s0x135724fc12fd3ed7:0xf4862aee1d9bab6!8m2!3d41.0289325!4d21.3368083?hl=en"""","""
"MK, Dimitar Ilievski - Murato 24, Bitola 7000, North Macedonia             MK, Димитар Илиевски - Мурато 24, Битола 7000	Currency exchange service	ATM			Currency exchange service	1,56048E+19	Bitola	MK	FALSE		410.281.642	213.376.595		MK, Dimitar Ilievski - Murato 24	FALSE	+389 71 222 641	ChIJE5erffwkVxMR6H8gusNWj9g	28HQ+73 Bitola, North Macedonia	7000		20	2	2	0	0	0	0	2022-11-10T08:33:19.852Z	https://www.google.com/maps/search/exchange/@40.9028124,20.8034826,12z?hl=en	exchange		MK, Dimitar Ilievski - Murato 24		FALSE	Evro-Bit Exchange Office	5	https://www.google.com/maps/place/Evro-Bit+Exchange+Office/@41.0281642,21.3376595,17z/data=!3m1!4b1!4m5!3m4!1s0x135724fc7dab9713:0xd88f56c3ba207fe8!8m2!3d41.028175!4d21.3376533?hl=en	https://evrobit.com/	""MK, Dimitar Ilievski - Murato 24, Bitola 7000, North Macedonia             MK, Димитар Илиевски - Мурато 24, Битола 7000,""""Currency exchange service"""",""""ATM"""",,,""""Currency exchange service"""",""""15604786632503361512"""",""""Bitola"""",""""MK"""",""""false"""",,""""41.0281642"""",""""21.3376595"""",,""""MK, Dimitar Ilievski - Murato 24"""",""""false"""",""""+389 71 222 641"""",""""ChIJE5erffwkVxMR6H8gusNWj9g"""",""""28HQ+73 Bitola, North Macedonia"""",""""7000"""",,""""20"""",""""2"""",""""2"""",""""0"""",""""0"""",""""0"""",""""0"""",""""2022-11-10T08:33:19.852Z"""",""""https://www.google.com/maps/search/exchange/@40.9028124,20.8034826,12z?hl=en"""",""""exchange"""",,""""MK, Dimitar Ilievski - Murato 24"""",,""""false"""",""""Evro-Bit Exchange Office"""",""""5"""",""""https://www.google.com/maps/place/Evro-Bit+Exchange+Office/@41.0281642,21.3376595,17z/data=!3m1!4b1!4m5!3m4!1s0x135724fc7dab9713:0xd88f56c3ba207fe8!8m2!3d41.028175!4d21.3376533?hl=en"""",""""https://evrobit.com/"""""""
"Marshal Tito 6330, Struga, North Macedonia             Маршал Тито 6330, Струга	Currency exchange service				Currency exchange service	1,62071E+19	Struga	MK	FALSE		411.776.748	206.763.319		Marshal Tito 6330	FALSE		ChIJb6mJRY_nUBMRL_Heg0AS6-A	5MHG+3G Struga, North Macedonia			9	0	0	0	0	0	0	2022-11-10T08:33:25.967Z	https://www.google.com/maps/search/exchange/@41.1059466,20.8034826,12z?hl=en	exchange		Marshal Tito 6330		FALSE	Crypto Capital Exchange - EuroSA		https://www.google.com/maps/place/Crypto+Capital+Exchange+-+EuroSA/@41.1776748,20.6763319,17z/data=!3m1!4b1!4m5!3m4!1s0x1350e78f4589a96f:0xe0eb124083def12f!8m2!3d41.1776748!4d20.6763319?hl=en		""Marshal Tito 6330, Struga, North Macedonia             Маршал Тито 6330, Струга,""""Currency exchange service"""",,,,""""Currency exchange service"""",""""16207067752322494767"""",""""Struga"""",""""MK"""",""""false"""",,""""41.1776748"""",""""20.6763319"""",,""""Marshal Tito 6330"""",""""false"""",,""""ChIJb6mJRY_nUBMRL_Heg0AS6-A"""",""""5MHG+3G Struga, North Macedonia"""",,,""""9"""",""""0"""",""""0"""",""""0"""",""""0"""",""""0"""",""""0"""",""""2022-11-10T08:33:25.967Z"""",""""https://www.google.com/maps/search/exchange/@41.1059466,20.8034826,12z?hl=en"""",""""exchange"""",,""""Marshal Tito 6330"""",,""""false"""",""""Crypto Capital Exchange - EuroSA"""",,""""https://www.google.com/maps/place/Crypto+Capital+Exchange+-+EuroSA/@41.1776748,20.6763319,17z/data=!3m1!4b1!4m5!3m4!1s0x1350e78f4589a96f:0xe0eb124083def12f!8m2!3d41.1776748!4d20.6763319?hl=en"""","""
"28GP+3P2, Bitola, North Macedonia	Currency exchange service				Currency exchange service	2,2459E+18	Bitola	MK	FALSE		410.251.431	213.367.743		28GP+3P2	FALSE		ChIJ1XXBR-MkVxMR3oz5RsIMKx8				18	1	1	0	0	0	0	2022-11-10T08:33:34.182Z	https://www.google.com/maps/search/exchange/@40.9028124,20.8034826,12z?hl=en	exchange		28GP+3P2		TRUE	Swiss Exchange	5	https://www.google.com/maps/place/Swiss+Exchange/@41.0251431,21.3367743,17z/data=!3m1!4b1!4m5!3m4!1s0x135724e347c175d5:0x1f2b0cc246f98cde!8m2!3d41.0251431!4d21.3367743?hl=en		""28GP+3P2, Bitola, North Macedonia,""""Currency exchange service"""",,,,""""Currency exchange service"""",""""2245902867728272606"""",""""Bitola"""",""""MK"""",""""false"""",,""""41.0251431"""",""""21.3367743"""",,""""28GP+3P2"""",""""false"""",,""""ChIJ1XXBR-MkVxMR3oz5RsIMKx8"""",,,,""""18"""",""""1"""",""""1"""",""""0"""",""""0"""",""""0"""",""""0"""",""""2022-11-10T08:33:34.182Z"""",""""https://www.google.com/maps/search/exchange/@40.9028124,20.8034826,12z?hl=en"""",""""exchange"""",,""""28GP+3P2"""",,""""true"""",""""Swiss Exchange"""",""""5"""",""""https://www.google.com/maps/place/Swiss+Exchange/@41.0251431,21.3367743,17z/data=!3m1!4b1!4m5!3m4!1s0x135724e347c175d5:0x1f2b0cc246f98cde!8m2!3d41.0251431!4d21.3367743?hl=en"""","""
"1200, Страшо Пинџур, Tetovo 1200, North Macedonia	Money transfer service				Money transfer service	1,60504E+19	Tetovo	MK	FALSE		420.108.415	209.703.634		1200, Страшо Пинџур	FALSE	+389 70 710 725	ChIJg019FOnwUxMRMC2uPXJbvt4	2X6C+84 Tetovo, North Macedonia	1200		39	1	1	0	0	0	0	2022-11-10T08:33:42.588Z	https://www.google.com/maps/search/exchange/@41.7153491,20.5349128,12z?hl=en	exchange		1200, Страшо Пинџур		FALSE	ILVA Money Gram	5	https://www.google.com/maps/place/ILVA+Money+Gram/@42.0108415,20.9703634,17z/data=!3m1!4b1!4m5!3m4!1s0x1353f0e9147d4d83:0xdebe5b723dae2d30!8m2!3d42.0108415!4d20.9703634?hl=en		""1200, Страшо Пинџур, Tetovo 1200, North Macedonia,""""Money transfer service"""",,,,""""Money transfer service"""",""""16050366668214250800"""",""""Tetovo"""",""""MK"""",""""false"""",,""""42.0108415"""",""""20.9703634"""",,""""1200, Страшо Пинџур"""",""""false"""",""""+389 70 710 725"""",""""ChIJg019FOnwUxMRMC2uPXJbvt4"""",""""2X6C+84 Tetovo, North Macedonia"""",""""1200"""",,""""39"""",""""1"""",""""1"""",""""0"""",""""0"""",""""0"""",""""0"""",""""2022-11-10T08:33:42.588Z"""",""""https://www.google.com/maps/search/exchange/@41.7153491,20.5349128,12z?hl=en"""",""""exchange"""",,""""1200, Страшо Пинџур"""",,""""false"""",""""ILVA Money Gram"""",""""5"""",""""https://www.google.com/maps/place/ILVA+Money+Gram/@42.0108415,20.9703634,17z/data=!3m1!4b1!4m5!3m4!1s0x1353f0e9147d4d83:0xdebe5b723dae2d30!8m2!3d42.0108415!4d20.9703634?hl=en"""","""
"2X37+J75, Tetovo 1220, North Macedonia	Money transfer service				Money transfer service	3,19532E+18	Tetovo	MK	FALSE		420.040.114	209.632.441		2X37+J75	FALSE	+389 70 419 757	ChIJFyh_z-PxUxMRxKsoE4YPWCw				21	0	0	0	0	0	0	2022-11-10T08:33:48.871Z	https://www.google.com/maps/search/exchange/@41.7153491,20.5349128,12z?hl=en	exchange		2X37+J75		FALSE	Ria Tetovo		https://www.google.com/maps/place/Ria+Tetovo/@42.0040114,20.9632441,17z/data=!3m1!4b1!4m5!3m4!1s0x1353f1e3cf7f2817:0x2c580f861328abc4!8m2!3d42.0040114!4d20.9632441?hl=en	http://www.capitalria.mk/	""2X37+J75, Tetovo 1220, North Macedonia,""""Money transfer service"""",,,,""""Money transfer service"""",""""3195321004140833732"""",""""Tetovo"""",""""MK"""",""""false"""",,""""42.0040114"""",""""20.9632441"""",,""""2X37+J75"""",""""false"""",""""+389 70 419 757"""",""""ChIJFyh_z-PxUxMRxKsoE4YPWCw"""",,,,""""21"""",""""0"""",""""0"""",""""0"""",""""0"""",""""0"""",""""0"""",""""2022-11-10T08:33:48.871Z"""",""""https://www.google.com/maps/search/exchange/@41.7153491,20.5349128,12z?hl=en"""",""""exchange"""",,""""2X37+J75"""",,""""false"""",""""Ria Tetovo"""",,""""https://www.google.com/maps/place/Ria+Tetovo/@42.0040114,20.9632441,17z/data=!3m1!4b1!4m5!3m4!1s0x1353f1e3cf7f2817:0x2c580f861328abc4!8m2!3d42.0040114!4d20.9632441?hl=en"""",""""http://www.capitalria.mk/"""""""
"32R7+786, Resen, North Macedonia	Money transfer service				Money transfer service	8,79734E+18	Resen	MK	FALSE		410.906.624	210.132.707		32R7+786	FALSE	+389 78 448 011	ChIJp_a_3DLTUBMRb-PJPztsFno				26	0	0	0	0	0	0	2022-11-10T08:33:55.656Z	https://www.google.com/maps/search/exchange/@41.3090807,20.5349128,12z?hl=en	exchange		32R7+786	MoneyGram менувачница	FALSE	MoneyGram TRS Exchange		https://www.google.com/maps/place/MoneyGram+TRS+Exchange/@41.0906624,21.0132707,17z/data=!3m1!4b1!4m5!3m4!1s0x1350d332dcbff6a7:0x7a166c3b3fc9e36f!8m2!3d41.0906624!4d21.0132707?hl=en		""32R7+786, Resen, North Macedonia,""""Money transfer service"""",,,,""""Money transfer service"""",""""8797337923843908463"""",""""Resen"""",""""MK"""",""""false"""",,""""41.0906624"""",""""21.0132707"""",,""""32R7+786"""",""""false"""",""""+389 78 448 011"""",""""ChIJp_a_3DLTUBMRb-PJPztsFno"""",,,,""""26"""",""""0"""",""""0"""",""""0"""",""""0"""",""""0"""",""""0"""",""""2022-11-10T08:33:55.656Z"""",""""https://www.google.com/maps/search/exchange/@41.3090807,20.5349128,12z?hl=en"""",""""exchange"""",,""""32R7+786"""",""""MoneyGram менувачница"""",""""false"""",""""MoneyGram TRS Exchange"""",,""""https://www.google.com/maps/place/MoneyGram+TRS+Exchange/@41.0906624,21.0132707,17z/data=!3m1!4b1!4m5!3m4!1s0x1350d332dcbff6a7:0x7a166c3b3fc9e36f!8m2!3d41.0906624!4d21.0132707?hl=en"""","""
"Ilindenska 83, Tetovo 1220, North Macedonia             Илинденска 83, Тетово 1220	Money transfer service				Money transfer service	1,51075E+19	Tetovo	MK	FALSE		420.069.981	209.688.328		Ilindenska 83	FALSE		ChIJO3I2fOvwUxMRELshL_aRqNE	2X49+QG Tetovo, North Macedonia	1220		11	2	2	0	0	0	0	2022-11-10T08:34:02.674Z	https://www.google.com/maps/search/exchange/@41.7153491,20.5349128,12z?hl=en	exchange		Ilindenska 83		FALSE	Exchange Office Mirhan	5	https://www.google.com/maps/place/Exchange+Office+Mirhan/@42.0069981,20.9688328,17z/data=!3m1!4b1!4m5!3m4!1s0x1353f0eb7c36723b:0xd1a891f62f21bb10!8m2!3d42.0069976!4d20.9688339?hl=en		""Ilindenska 83, Tetovo 1220, North Macedonia             Илинденска 83, Тетово 1220,""""Money transfer service"""",,,,""""Money transfer service"""",""""15107485436553050896"""",""""Tetovo"""",""""MK"""",""""false"""",,""""42.0069981"""",""""20.9688328"""",,""""Ilindenska 83"""",""""false"""",,""""ChIJO3I2fOvwUxMRELshL_aRqNE"""",""""2X49+QG Tetovo, North Macedonia"""",""""1220"""",,""""11"""",""""2"""",""""2"""",""""0"""",""""0"""",""""0"""",""""0"""",""""2022-11-10T08:34:02.674Z"""",""""https://www.google.com/maps/search/exchange/@41.7153491,20.5349128,12z?hl=en"""",""""exchange"""",,""""Ilindenska 83"""",,""""false"""",""""Exchange Office Mirhan"""",""""5"""",""""https://www.google.com/maps/place/Exchange+Office+Mirhan/@42.0069981,20.9688328,17z/data=!3m1!4b1!4m5!3m4!1s0x1353f0eb7c36723b:0xd1a891f62f21bb10!8m2!3d42.0069976!4d20.9688339?hl=en"""","""
"Strasho Pindjur Rd 29, Tetovo 1200, North Macedonia	Currency exchange service				Currency exchange service	1,14505E+19	Tetovo	MK	FALSE		420.108.151	209.703.339		Strasho Pindjur Rd 29	FALSE		ChIJaWKOPqnxUxMRpIeMyGF26J4	2X6C+84 Tetovo, North Macedonia	1200		10	0	0	0	0	0	0	2022-11-10T08:34:09.447Z	https://www.google.com/maps/search/exchange/@41.7153491,20.5349128,12z?hl=en	exchange		Strasho Pindjur Rd 29		FALSE	Crypto Tresor		https://www.google.com/maps/place/Crypto+Tresor/@42.0108151,20.9703339,17z/data=!3m1!4b1!4m5!3m4!1s0x1353f1a93e8e6269:0x9ee87661c88c87a4!8m2!3d42.0108151!4d20.9703339?hl=en		""Strasho Pindjur Rd 29, Tetovo 1200, North Macedonia,""""Currency exchange service"""",,,,""""Currency exchange service"""",""""11450532214938044324"""",""""Tetovo"""",""""MK"""",""""false"""",,""""42.0108151"""",""""20.9703339"""",,""""Strasho Pindjur Rd 29"""",""""false"""",,""""ChIJaWKOPqnxUxMRpIeMyGF26J4"""",""""2X6C+84 Tetovo, North Macedonia"""",""""1200"""",,""""10"""",""""0"""",""""0"""",""""0"""",""""0"""",""""0"""",""""0"""",""""2022-11-10T08:34:09.447Z"""",""""https://www.google.com/maps/search/exchange/@41.7153491,20.5349128,12z?hl=en"""",""""exchange"""",,""""Strasho Pindjur Rd 29"""",,""""false"""",""""Crypto Tresor"""",,""""https://www.google.com/maps/place/Crypto+Tresor/@42.0108151,20.9703339,17z/data=!3m1!4b1!4m5!3m4!1s0x1353f1a93e8e6269:0x9ee87661c88c87a4!8m2!3d42.0108151!4d20.9703339?hl=en"""","""
"Зелен Пазар, ul. Blagoja Toska br.5, lokal MK, Tetovo 1200, North Macedonia	Currency exchange service	Money transfer service			Money transfer service	1,56534E+19	Tetovo	MK	FALSE		420.076.591	209.771.548		Зелен Пазар, ul. Blagoja Toska br.5, lokal MK	FALSE	+389 44 339 200	ChIJNwJF1ojxUxMR3WUXKSMvPNk	2X5G+3V Tetovo, North Macedonia	1200		8	6	6	0	0	0	0	2022-11-10T08:34:17.212Z	https://www.google.com/maps/search/exchange/@41.7153491,20.5349128,12z?hl=en	exchange		Зелен Пазар, ul. Blagoja Toska br.5, lokal MK		FALSE	Lita Kembimore, Exchange Office, Менувачница - MoneyGram	5	https://www.google.com/maps/place/Lita+Kembimore,+Exchange+Office,+%D0%9C%D0%B5%D0%BD%D1%83%D0%B2%D0%B0%D1%87%D0%BD%D0%B8%D1%86%D0%B0+-+MoneyGram/@42.0076591,20.9771548,17z/data=!3m1!4b1!4m5!3m4!1s0x1353f188d6450237:0xd93c2f23291765dd!8m2!3d42.0076591!4d20.9771548?hl=en		""Зелен Пазар, ul. Blagoja Toska br.5, lokal MK, Tetovo 1200, North Macedonia,""""Currency exchange service"""",""""Money transfer service"""",,,""""Money transfer service"""",""""15653438232892761565"""",""""Tetovo"""",""""MK"""",""""false"""",,""""42.0076591"""",""""20.9771548"""",,""""Зелен Пазар, ul. Blagoja Toska br.5, lokal MK"""",""""false"""",""""+389 44 339 200"""",""""ChIJNwJF1ojxUxMR3WUXKSMvPNk"""",""""2X5G+3V Tetovo, North Macedonia"""",""""1200"""",,""""8"""",""""6"""",""""6"""",""""0"""",""""0"""",""""0"""",""""0"""",""""2022-11-10T08:34:17.212Z"""",""""https://www.google.com/maps/search/exchange/@41.7153491,20.5349128,12z?hl=en"""",""""exchange"""",,""""Зелен Пазар, ul. Blagoja Toska br.5, lokal MK"""",,""""false"""",""""Lita Kembimore, Exchange Office, Менувачница - MoneyGram"""",""""5"""",""""https://www.google.com/maps/place/Lita+Kembimore,+Exchange+Office,+%D0%9C%D0%B5%D0%BD%D1%83%D0%B2%D0%B0%D1%87%D0%BD%D0%B8%D1%86%D0%B0+-+MoneyGram/@42.0076591,20.9771548,17z/data=!3m1!4b1!4m5!3m4!1s0x1353f188d6450237:0xd93c2f23291765dd!8m2!3d42.0076591!4d20.9771548?hl=en"""","""
"2X49+Q9X, Tetovo 1220, North Macedonia	Currency exchange service				Currency exchange service	1,83522E+19	Tetovo	MK	FALSE		420.069.862	209.684.715		2X49+Q9X	FALSE		ChIJPfnQuSbxUxMRlUykiP4QsP4				7	0	0	0	0	0	0	2022-11-10T08:34:23.368Z	https://www.google.com/maps/search/exchange/@41.7153491,20.5349128,12z?hl=en	exchange		2X49+Q9X		FALSE	Crypto Capital Exchange - Mirhan		https://www.google.com/maps/place/Crypto+Capital+Exchange+-+Mirhan/@42.0069862,20.9684715,17z/data=!3m1!4b1!4m5!3m4!1s0x1353f126b9d0f93d:0xfeb010fe88a44c95!8m2!3d42.0069862!4d20.9684715?hl=en		""2X49+Q9X, Tetovo 1220, North Macedonia,""""Currency exchange service"""",,,,""""Currency exchange service"""",""""18352187166934977685"""",""""Tetovo"""",""""MK"""",""""false"""",,""""42.0069862"""",""""20.9684715"""",,""""2X49+Q9X"""",""""false"""",,""""ChIJPfnQuSbxUxMRlUykiP4QsP4"""",,,,""""7"""",""""0"""",""""0"""",""""0"""",""""0"""",""""0"""",""""0"""",""""2022-11-10T08:34:23.368Z"""",""""https://www.google.com/maps/search/exchange/@41.7153491,20.5349128,12z?hl=en"""",""""exchange"""",,""""2X49+Q9X"""",,""""false"""",""""Crypto Capital Exchange - Mirhan"""",,""""https://www.google.com/maps/place/Crypto+Capital+Exchange+-+Mirhan/@42.0069862,20.9684715,17z/data=!3m1!4b1!4m5!3m4!1s0x1353f126b9d0f93d:0xfeb010fe88a44c95!8m2!3d42.0069862!4d20.9684715?hl=en"""","""
"St Clement of Ohrid, Ohrid, North Macedonia	Money transfer service				Money transfer service	1,48435E+19	Ohrid	MK	FALSE		411.139.775	208.023.046		St Clement of Ohrid	FALSE	+389 77 524 209	ChIJPS1WLbbdUBMRaRAU6z6w_s0	4R72+HW Ohrid, North Macedonia			19	0	0	0	0	0	0	2022-11-10T08:34:31.564Z	https://www.google.com/maps/search/exchange/@41.3090807,20.5349128,12z?hl=en	exchange		St Clement of Ohrid		FALSE	London Menuvacnica Exchange Office		https://www.google.com/maps/place/London+Menuvacnica+Exchange+Office/@41.1139775,20.8023046,17z/data=!3m1!4b1!4m5!3m4!1s0x1350ddb62d562d3d:0xcdfeb03eeb141069!8m2!3d41.1139775!4d20.8023046?hl=en		""St Clement of Ohrid, Ohrid, North Macedonia,""""Money transfer service"""",,,,""""Money transfer service"""",""""14843495206138155113"""",""""Ohrid"""",""""MK"""",""""false"""",,""""41.1139775"""",""""20.8023046"""",,""""St Clement of Ohrid"""",""""false"""",""""+389 77 524 209"""",""""ChIJPS1WLbbdUBMRaRAU6z6w_s0"""",""""4R72+HW Ohrid, North Macedonia"""",,,""""19"""",""""0"""",""""0"""",""""0"""",""""0"""",""""0"""",""""0"""",""""2022-11-10T08:34:31.564Z"""",""""https://www.google.com/maps/search/exchange/@41.3090807,20.5349128,12z?hl=en"""",""""exchange"""",,""""St Clement of Ohrid"""",,""""false"""",""""London Menuvacnica Exchange Office"""",,""""https://www.google.com/maps/place/London+Menuvacnica+Exchange+Office/@41.1139775,20.8023046,17z/data=!3m1!4b1!4m5!3m4!1s0x1350ddb62d562d3d:0xcdfeb03eeb141069!8m2!3d41.1139775!4d20.8023046?hl=en"""","""
"Borche Jovanovski, Gostivar 1230, North Macedonia	Money transfer service				Money transfer service	1,40988E+19	Gostivar	MK	FALSE		417.938.574	209.102.733		Borche Jovanovski	FALSE	+389 70 314 645	ChIJtSK0mH9XURMRgPoELrcOqcM	QWV6+G4 Gostivar, North Macedonia	1230		5	1	1	0	0	0	0	2022-11-10T08:34:32.149Z	https://www.google.com/maps/search/exchange/@41.7153491,20.5349128,12z?hl=en	exchange		Borche Jovanovski		FALSE	Fejzullai Crypto and Currency exchange	5	https://www.google.com/maps/place/Fejzullai+Crypto+and+Currency+exchange/@41.7938574,20.9102733,17z/data=!3m1!4b1!4m5!3m4!1s0x1351577f98b422b5:0xc3a90eb72e04fa80!8m2!3d41.7938574!4d20.9102733?hl=en		""Borche Jovanovski, Gostivar 1230, North Macedonia,""""Money transfer service"""",,,,""""Money transfer service"""",""""14098816288373930624"""",""""Gostivar"""",""""MK"""",""""false"""",,""""41.7938574"""",""""20.9102733"""",,""""Borche Jovanovski"""",""""false"""",""""+389 70 314 645"""",""""ChIJtSK0mH9XURMRgPoELrcOqcM"""",""""QWV6+G4 Gostivar, North Macedonia"""",""""1230"""",,""""5"""",""""1"""",""""1"""",""""0"""",""""0"""",""""0"""",""""0"""",""""2022-11-10T08:34:32.149Z"""",""""https://www.google.com/maps/search/exchange/@41.7153491,20.5349128,12z?hl=en"""",""""exchange"""",,""""Borche Jovanovski"""",,""""false"""",""""Fejzullai Crypto and Currency exchange"""",""""5"""",""""https://www.google.com/maps/place/Fejzullai+Crypto+and+Currency+exchange/@41.7938574,20.9102733,17z/data=!3m1!4b1!4m5!3m4!1s0x1351577f98b422b5:0xc3a90eb72e04fa80!8m2!3d41.7938574!4d20.9102733?hl=en"""","""
"GX76+5G2, Kichevo, North Macedonia             GX76+5G2, Кичево	Currency exchange service				Currency exchange service	4,12421E+18	Kichevo	MK	FALSE		415.128.864	209.612.597		GX76+5G2	FALSE		ChIJI1sBoGY3URMRxIB7uP0mPDk				17	0	0	0	0	0	0	2022-11-10T08:34:39.509Z	https://www.google.com/maps/search/exchange/@41.3090807,20.5349128,12z?hl=en	exchange		GX76+5G2		FALSE	Crypto Capital Exchange - Ficon		https://www.google.com/maps/place/Crypto+Capital+Exchange+-+Ficon/@41.5128864,20.9612597,17z/data=!3m1!4b1!4m5!3m4!1s0x13513766a0015b23:0x393c26fdb87b80c4!8m2!3d41.5128864!4d20.9612597?hl=en		""GX76+5G2, Kichevo, North Macedonia             GX76+5G2, Кичево,""""Currency exchange service"""",,,,""""Currency exchange service"""",""""4124214229928214724"""",""""Kichevo"""",""""MK"""",""""false"""",,""""41.5128864"""",""""20.9612597"""",,""""GX76+5G2"""",""""false"""",,""""ChIJI1sBoGY3URMRxIB7uP0mPDk"""",,,,""""17"""",""""0"""",""""0"""",""""0"""",""""0"""",""""0"""",""""0"""",""""2022-11-10T08:34:39.509Z"""",""""https://www.google.com/maps/search/exchange/@41.3090807,20.5349128,12z?hl=en"""",""""exchange"""",,""""GX76+5G2"""",,""""false"""",""""Crypto Capital Exchange - Ficon"""",,""""https://www.google.com/maps/place/Crypto+Capital+Exchange+-+Ficon/@41.5128864,20.9612597,17z/data=!3m1!4b1!4m5!3m4!1s0x13513766a0015b23:0x393c26fdb87b80c4!8m2!3d41.5128864!4d20.9612597?hl=en"""","""
"4R82+V6W, Boulevard Turistichka, Ohrid, North Macedonia             4R82+V6W, Булевар Туристичка, Охрид	Currency exchange service				Currency exchange service	1,04308E+19	Ohrid	MK	FALSE		411.172.428	208.005.792		4R82+V6W, Boulevard Turistichka	FALSE		ChIJzal3UXPdUBMRdqp_L6SLwZA				11	0	0	0	0	0	0	2022-11-10T08:34:42.917Z	https://www.google.com/maps/search/exchange/@41.3090807,20.5349128,12z?hl=en	exchange		4R82+V6W, Boulevard Turistichka		FALSE	Crypto Capital Exchange - KosIva		https://www.google.com/maps/place/Crypto+Capital+Exchange+-+KosIva/@41.1172428,20.8005792,17z/data=!3m1!4b1!4m5!3m4!1s0x1350dd735177a9cd:0x90c18ba42f7faa76!8m2!3d41.1172468!4d20.8005821?hl=en		""4R82+V6W, Boulevard Turistichka, Ohrid, North Macedonia             4R82+V6W, Булевар Туристичка, Охрид,""""Currency exchange service"""",,,,""""Currency exchange service"""",""""10430771749254572662"""",""""Ohrid"""",""""MK"""",""""false"""",,""""41.1172428"""",""""20.8005792"""",,""""4R82+V6W, Boulevard Turistichka"""",""""false"""",,""""ChIJzal3UXPdUBMRdqp_L6SLwZA"""",,,,""""11"""",""""0"""",""""0"""",""""0"""",""""0"""",""""0"""",""""0"""",""""2022-11-10T08:34:42.917Z"""",""""https://www.google.com/maps/search/exchange/@41.3090807,20.5349128,12z?hl=en"""",""""exchange"""",,""""4R82+V6W, Boulevard Turistichka"""",,""""false"""",""""Crypto Capital Exchange - KosIva"""",,""""https://www.google.com/maps/place/Crypto+Capital+Exchange+-+KosIva/@41.1172428,20.8005792,17z/data=!3m1!4b1!4m5!3m4!1s0x1350dd735177a9cd:0x90c18ba42f7faa76!8m2!3d41.1172468!4d20.8005821?hl=en"""","""
"Јосиф Јосифовски бр. 66, Resen 6310, North Macedonia	Currency exchange service				Currency exchange service	1,75096E+19	Resen	MK	FALSE		410.908.249	210.132.529		Јосиф Јосифовски бр. 66	FALSE	+389 78 381 052	ChIJraFrcH7TUBMRzbDp6jJ8_vI	32R7+88 Resen, North Macedonia	6310		12	3	2	0	1	0	0	2022-11-10T08:34:43.921Z	https://www.google.com/maps/search/exchange/@41.3090807,20.5349128,12z?hl=en	exchange		Јосиф Јосифовски бр. 66		FALSE	Exchange office '' Монета ''	03.јул	https://www.google.com/maps/place/Exchange+office+''+%D0%9C%D0%BE%D0%BD%D0%B5%D1%82%D0%B0+''/@41.0908249,21.0132529,17z/data=!3m1!4b1!4m5!3m4!1s0x1350d37e706ba1ad:0xf2fe7c32eae9b0cd!8m2!3d41.0908249!4d21.0132529?hl=en		""Јосиф Јосифовски бр. 66, Resen 6310, North Macedonia,""""Currency exchange service"""",,,,""""Currency exchange service"""",""""17509568959394459853"""",""""Resen"""",""""MK"""",""""false"""",,""""41.0908249"""",""""21.0132529"""",,""""Јосиф Јосифовски бр. 66"""",""""false"""",""""+389 78 381 052"""",""""ChIJraFrcH7TUBMRzbDp6jJ8_vI"""",""""32R7+88 Resen, North Macedonia"""",""""6310"""",,""""12"""",""""3"""",""""2"""",""""0"""",""""1"""",""""0"""",""""0"""",""""2022-11-10T08:34:43.921Z"""",""""https://www.google.com/maps/search/exchange/@41.3090807,20.5349128,12z?hl=en"""",""""exchange"""",,""""Јосиф Јосифовски бр. 66"""",,""""false"""",""""Exchange office '' Монета ''"""",""""3.7"""",""""https://www.google.com/maps/place/Exchange+office+''+%D0%9C%D0%BE%D0%BD%D0%B5%D1%82%D0%B0+''/@41.0908249,21.0132529,17z/data=!3m1!4b1!4m5!3m4!1s0x1350d37e706ba1ad:0xf2fe7c32eae9b0cd!8m2!3d41.0908249!4d21.0132529?hl=en"""","""
"Petar Caulev 17, Ohrid 6000, North Macedonia	Currency exchange service				Currency exchange service	1,64308E+19	Ohrid	MK	FALSE		411.133.251	207.994.466		Petar Caulev 17	FALSE		ChIJ0RGOdEbdUBMRMWaP51cNBuQ	4Q7X+8Q Ohrid, North Macedonia	6000		9	0	0	0	0	0	0	2022-11-10T08:34:49.012Z	https://www.google.com/maps/search/exchange/@41.3090807,20.5349128,12z?hl=en	exchange		Petar Caulev 17		FALSE	Bozilak Menuvacnica		https://www.google.com/maps/place/Bozilak+Menuvacnica/@41.1133251,20.7994466,17z/data=!3m1!4b1!4m5!3m4!1s0x1350dd46748e11d1:0xe4060d57e78f6631!8m2!3d41.1133251!4d20.7994466?hl=en		""Petar Caulev 17, Ohrid 6000, North Macedonia,""""Currency exchange service"""",,,,""""Currency exchange service"""",""""16430834961706083889"""",""""Ohrid"""",""""MK"""",""""false"""",,""""41.1133251"""",""""20.7994466"""",,""""Petar Caulev 17"""",""""false"""",,""""ChIJ0RGOdEbdUBMRMWaP51cNBuQ"""",""""4Q7X+8Q Ohrid, North Macedonia"""",""""6000"""",,""""9"""",""""0"""",""""0"""",""""0"""",""""0"""",""""0"""",""""0"""",""""2022-11-10T08:34:49.012Z"""",""""https://www.google.com/maps/search/exchange/@41.3090807,20.5349128,12z?hl=en"""",""""exchange"""",,""""Petar Caulev 17"""",,""""false"""",""""Bozilak Menuvacnica"""",,""""https://www.google.com/maps/place/Bozilak+Menuvacnica/@41.1133251,20.7994466,17z/data=!3m1!4b1!4m5!3m4!1s0x1350dd46748e11d1:0xe4060d57e78f6631!8m2!3d41.1133251!4d20.7994466?hl=en"""","""
"St Clement of Ohrid 49, Ohrid 6000, North Macedonia             Sveti Kliment Ohridski 49, Охрид 6000	Currency exchange service				Currency exchange service	1,78312E+19	Ohrid	MK	FALSE		411.147.131	208.002.894		St Clement of Ohrid 49	FALSE	+389 46 263 267	ChIJARMU66PcUBMRxJPHSzQCdfc	4R72+V4 Ohrid, North Macedonia	6000		8	14	4	0	10	0	0	2022-11-10T08:34:53.473Z	https://www.google.com/maps/search/exchange/@41.3090807,20.5349128,12z?hl=en	exchange		St Clement of Ohrid 49	Менувачница Корзо / MoneyGram	FALSE	Exchange Office Korzo / MoneyGram	02.јан	https://www.google.com/maps/place/Exchange+Office+Korzo+%2F+MoneyGram/@41.1147131,20.8002894,17z/data=!3m1!4b1!4m5!3m4!1s0x1350dca3eb141301:0xf77502344bc793c4!8m2!3d41.1147131!4d20.8002894?hl=en		""St Clement of Ohrid 49, Ohrid 6000, North Macedonia             Sveti Kliment Ohridski 49, Охрид 6000,""""Currency exchange service"""",,,,""""Currency exchange service"""",""""17831160723276272580"""",""""Ohrid"""",""""MK"""",""""false"""",,""""41.1147131"""",""""20.8002894"""",,""""St Clement of Ohrid 49"""",""""false"""",""""+389 46 263 267"""",""""ChIJARMU66PcUBMRxJPHSzQCdfc"""",""""4R72+V4 Ohrid, North Macedonia"""",""""6000"""",,""""8"""",""""14"""",""""4"""",""""0"""",""""10"""",""""0"""",""""0"""",""""2022-11-10T08:34:53.473Z"""",""""https://www.google.com/maps/search/exchange/@41.3090807,20.5349128,12z?hl=en"""",""""exchange"""",,""""St Clement of Ohrid 49"""",""""Менувачница Корзо / MoneyGram"""",""""false"""",""""Exchange Office Korzo / MoneyGram"""",""""2.1"""",""""https://www.google.com/maps/place/Exchange+Office+Korzo+%2F+MoneyGram/@41.1147131,20.8002894,17z/data=!3m1!4b1!4m5!3m4!1s0x1350dca3eb141301:0xf77502344bc793c4!8m2!3d41.1147131!4d20.8002894?hl=en"""","""
"Sv kliment ohridski br 1, Ohrid 6000, North Macedonia	Currency exchange service				Currency exchange service	8,37033E+18	Ohrid	MK	FALSE	Complex Letnitsa	411.134.154	207.997.019		Sv kliment ohridski br 1	FALSE	+389 78 221 887	ChIJi7hGcaTcUBMRpf8--OViKXQ	4Q7X+9V Ohrid, North Macedonia	6000		7	12	7	1	3	1	0	2022-11-10T08:34:56.368Z	https://www.google.com/maps/search/exchange/@41.3090807,20.5349128,12z?hl=en	exchange		Sv kliment ohridski br 1	Менувачница Божилак	FALSE	Exchange Office Rainbow	03.авг	https://www.google.com/maps/place/Exchange+Office+Rainbow/@41.1134154,20.7997019,17z/data=!3m1!4b1!4m5!3m4!1s0x1350dca47146b88b:0x742962e5f83effa5!8m2!3d41.1134154!4d20.7997019?hl=en	https://currency-exchange-service-86.business.site/	""Sv kliment ohridski br 1, Ohrid 6000, North Macedonia,""""Currency exchange service"""",,,,""""Currency exchange service"""",""""8370330122296688549"""",""""Ohrid"""",""""MK"""",""""false"""",""""Complex Letnitsa"""",""""41.1134154"""",""""20.7997019"""",,""""Sv kliment ohridski br 1"""",""""false"""",""""+389 78 221 887"""",""""ChIJi7hGcaTcUBMRpf8--OViKXQ"""",""""4Q7X+9V Ohrid, North Macedonia"""",""""6000"""",,""""7"""",""""12"""",""""7"""",""""1"""",""""3"""",""""1"""",""""0"""",""""2022-11-10T08:34:56.368Z"""",""""https://www.google.com/maps/search/exchange/@41.3090807,20.5349128,12z?hl=en"""",""""exchange"""",,""""Sv kliment ohridski br 1"""",""""Менувачница Божилак"""",""""false"""",""""Exchange Office Rainbow"""",""""3.8"""",""""https://www.google.com/maps/place/Exchange+Office+Rainbow/@41.1134154,20.7997019,17z/data=!3m1!4b1!4m5!3m4!1s0x1350dca47146b88b:0x742962e5f83effa5!8m2!3d41.1134154!4d20.7997019?hl=en"""",""""https://currency-exchange-service-86.business.site/"""""""
"Podmolje MK, Struga 6330, North Macedonia	Currency exchange service				Currency exchange service	1,48863E+19	Struga	MK	FALSE		411.669.776	20.734.085		Podmolje MK	FALSE	+389 71 233 217	ChIJR-hIGardUBMRzW5jPMTPls4	5P8M+QJ Struga, North Macedonia	6330		6	4	4	0	0	0	0	2022-11-10T08:35:03.418Z	https://www.google.com/maps/search/exchange/@41.3090807,20.5349128,12z?hl=en	exchange		Podmolje MK		FALSE	Western Union Besjani	5	https://www.google.com/maps/place/Western+Union+Besjani/@41.1669776,20.734085,17z/data=!3m1!4b1!4m5!3m4!1s0x1350ddaa1948e847:0xce96cfc43c636ecd!8m2!3d41.1669776!4d20.734085?hl=en	http://www.besjani.com/	""Podmolje MK, Struga 6330, North Macedonia,""""Currency exchange service"""",,,,""""Currency exchange service"""",""""14886314060053442253"""",""""Struga"""",""""MK"""",""""false"""",,""""41.1669776"""",""""20.734085"""",,""""Podmolje MK"""",""""false"""",""""+389 71 233 217"""",""""ChIJR-hIGardUBMRzW5jPMTPls4"""",""""5P8M+QJ Struga, North Macedonia"""",""""6330"""",,""""6"""",""""4"""",""""4"""",""""0"""",""""0"""",""""0"""",""""0"""",""""2022-11-10T08:35:03.418Z"""",""""https://www.google.com/maps/search/exchange/@41.3090807,20.5349128,12z?hl=en"""",""""exchange"""",,""""Podmolje MK"""",,""""false"""",""""Western Union Besjani"""",""""5"""",""""https://www.google.com/maps/place/Western+Union+Besjani/@41.1669776,20.734085,17z/data=!3m1!4b1!4m5!3m4!1s0x1350ddaa1948e847:0xce96cfc43c636ecd!8m2!3d41.1669776!4d20.734085?hl=en"""",""""http://www.besjani.com/"""""""
"4Q8X+JVM, Oh?r 6000, North Macedonia	Currency exchange service				Currency exchange service	1,41265E+18	Охрид	MK	FALSE		411.165.807	207.996.836		4Q8X+JVM	FALSE	+389 70 743 589	ChIJg4yRuUDdUBMR4K_pPTLAmhM		6000		5	0	0	0	0	0	0	2022-11-10T08:35:10.044Z	https://www.google.com/maps/search/exchange/@41.3090807,20.5349128,12z?hl=en	exchange		4Q8X+JVM		FALSE	AFKO		https://www.google.com/maps/place/AFKO/@41.1165807,20.7996836,17z/data=!3m1!4b1!4m5!3m4!1s0x1350dd40b9918c83:0x139ac0323de9afe0!8m2!3d41.1165807!4d20.7996836?hl=en		""4Q8X+JVM, Oh?r 6000, North Macedonia,""""Currency exchange service"""",,,,""""Currency exchange service"""",""""1412652755153694688"""",""""Охрид"""",""""MK"""",""""false"""",,""""41.1165807"""",""""20.7996836"""",,""""4Q8X+JVM"""",""""false"""",""""+389 70 743 589"""",""""ChIJg4yRuUDdUBMR4K_pPTLAmhM"""",,""""6000"""",,""""5"""",""""0"""",""""0"""",""""0"""",""""0"""",""""0"""",""""0"""",""""2022-11-10T08:35:10.044Z"""",""""https://www.google.com/maps/search/exchange/@41.3090807,20.5349128,12z?hl=en"""",""""exchange"""",,""""4Q8X+JVM"""",,""""false"""",""""AFKO"""",,""""https://www.google.com/maps/place/AFKO/@41.1165807,20.7996836,17z/data=!3m1!4b1!4m5!3m4!1s0x1350dd40b9918c83:0x139ac0323de9afe0!8m2!3d41.1165807!4d20.7996836?hl=en"""","""
"Димитар Влахов 46, Ohrid 6000, North Macedonia	Currency exchange service				Currency exchange service	9,21685E+18	Ohrid	MK	FALSE		411.139.622	208.022.824		Димитар Влахов 46	FALSE	+389 46 511 162	ChIJsXSZWqHcUBMRFiyTA4DS6H8	4R72+HW Ohrid, North Macedonia	6000		4	8	8	0	0	0	0	2022-11-10T08:35:17.587Z	https://www.google.com/maps/search/exchange/@41.3090807,20.5349128,12z?hl=en	exchange		Димитар Влахов 46		FALSE	Exchange Office London AS M	5	https://www.google.com/maps/place/Exchange+Office+London+AS+M/@41.1139622,20.8022824,17z/data=!3m1!4b1!4m5!3m4!1s0x1350dca15a9974b1:0x7fe8d28003932c16!8m2!3d41.1139622!4d20.8022824?hl=en		""Димитар Влахов 46, Ohrid 6000, North Macedonia,""""Currency exchange service"""",,,,""""Currency exchange service"""",""""9216848084671343638"""",""""Ohrid"""",""""MK"""",""""false"""",,""""41.1139622"""",""""20.8022824"""",,""""Димитар Влахов 46"""",""""false"""",""""+389 46 511 162"""",""""ChIJsXSZWqHcUBMRFiyTA4DS6H8"""",""""4R72+HW Ohrid, North Macedonia"""",""""6000"""",,""""4"""",""""8"""",""""8"""",""""0"""",""""0"""",""""0"""",""""0"""",""""2022-11-10T08:35:17.587Z"""",""""https://www.google.com/maps/search/exchange/@41.3090807,20.5349128,12z?hl=en"""",""""exchange"""",,""""Димитар Влахов 46"""",,""""false"""",""""Exchange Office London AS M"""",""""5"""",""""https://www.google.com/maps/place/Exchange+Office+London+AS+M/@41.1139622,20.8022824,17z/data=!3m1!4b1!4m5!3m4!1s0x1350dca15a9974b1:0x7fe8d28003932c16!8m2!3d41.1139622!4d20.8022824?hl=en"""","""
"ul.marshal tito b44 Struga MK, 6330, North Macedonia	Currency exchange service				Currency exchange service	4,69541E+18	Struga	MK	FALSE		411.776.708	206.763.272		ul.marshal tito b44 Struga MK	FALSE	+389 46 505 574	ChIJf_oTaBnnUBMRVGSuv5dwKUE	5MHG+3G Struga, North Macedonia	6330		2	19	17	0	2	0	0	2022-11-10T08:35:25.885Z	https://www.google.com/maps/search/exchange/@41.3090807,20.5349128,12z?hl=en	exchange		ul.marshal tito b44 Struga MK		FALSE	""Kembimore/Menuvacnica/Exchange office & Moneygram """"EURO-SA""""""	04.јун	https://www.google.com/maps/place/Kembimore%2FMenuvacnica%2FExchange+office+%26+Moneygram+%22EURO-SA%22/@41.1776708,20.6763272,17z/data=!3m1!4b1!4m5!3m4!1s0x1350e7196813fa7f:0x41297097bfae6454!8m2!3d41.1776708!4d20.6763272?hl=en	http://euro-sa-offices.business.site/	""ul.marshal tito b44 Struga MK, 6330, North Macedonia,""""Currency exchange service"""",,,,""""Currency exchange service"""",""""4695407883568702548"""",""""Struga"""",""""MK"""",""""false"""",,""""41.1776708"""",""""20.6763272"""",,""""ul.marshal tito b44 Struga MK"""",""""false"""",""""+389 46 505 574"""",""""ChIJf_oTaBnnUBMRVGSuv5dwKUE"""",""""5MHG+3G Struga, North Macedonia"""",""""6330"""",,""""2"""",""""19"""",""""17"""",""""0"""",""""2"""",""""0"""",""""0"""",""""2022-11-10T08:35:25.885Z"""",""""https://www.google.com/maps/search/exchange/@41.3090807,20.5349128,12z?hl=en"""",""""exchange"""",,""""ul.marshal tito b44 Struga MK"""",,""""false"""",""""Kembimore/Menuvacnica/Exchange office & Moneygram """"""""EURO-SA"""""""""""",""""4.6"""",""""https://www.google.com/maps/place/Kembimore%2FMenuvacnica%2FExchange+office+%26+Moneygram+%22EURO-SA%22/@41.1776708,20.6763272,17z/data=!3m1!4b1!4m5!3m4!1s0x1350e7196813fa7f:0x41297097bfae6454!8m2!3d41.1776708!4d20.6763272?hl=en"""",""""http://euro-sa-offices.business.site/"""""""
"5MHG+3G8, Marshal Tito, Struga 6330, North Macedonia             5MHG+3G8, Маршал Тито, Струга 6330	Currency exchange service				Currency exchange service	1,01359E+19	Struga	MK	FALSE		411.776.736	206.763.366		5MHG+3G8, Marshal Tito	FALSE		ChIJPYOzfZDnUBMRK7_X7MzvqYw		6330		1	0	0	0	0	0	0	2022-11-10T08:35:32.172Z	https://www.google.com/maps/search/exchange/@41.3090807,20.5349128,12z?hl=en	exchange		5MHG+3G8, Marshal Tito		FALSE	Crypto Tresor		https://www.google.com/maps/place/Crypto+Tresor/@41.1776736,20.6763366,17z/data=!3m1!4b1!4m5!3m4!1s0x1350e7907db3833d:0x8ca9efccecd7bf2b!8m2!3d41.1776736!4d20.6763366?hl=en		""5MHG+3G8, Marshal Tito, Struga 6330, North Macedonia             5MHG+3G8, Маршал Тито, Струга 6330,""""Currency exchange service"""",,,,""""Currency exchange service"""",""""10135896099799940907"""",""""Struga"""",""""MK"""",""""false"""",,""""41.1776736"""",""""20.6763366"""",,""""5MHG+3G8, Marshal Tito"""",""""false"""",,""""ChIJPYOzfZDnUBMRK7_X7MzvqYw"""",,""""6330"""",,""""1"""",""""0"""",""""0"""",""""0"""",""""0"""",""""0"""",""""0"""",""""2022-11-10T08:35:32.172Z"""",""""https://www.google.com/maps/search/exchange/@41.3090807,20.5349128,12z?hl=en"""",""""exchange"""",,""""5MHG+3G8, Marshal Tito"""",,""""false"""",""""Crypto Tresor"""",,""""https://www.google.com/maps/place/Crypto+Tresor/@41.1776736,20.6763366,17z/data=!3m1!4b1!4m5!3m4!1s0x1350e7907db3833d:0x8ca9efccecd7bf2b!8m2!3d41.1776736!4d20.6763366?hl=en"""","""
"MK, Ferid Bajram 48, Skopje 1000, North Macedonia             MK, Ферид Бајрам 48, Скопје 1000	Currency exchange service				Currency exchange service	1,92476E+18	Skopje	MK	FALSE		420.212.031	214.495.504		MK, Ferid Bajram 48	FALSE	+389 71 222 167	ChIJM1tCkm4VVBMRsckAn20ctho	2CCX+FR Skopje, North Macedonia	1000		16	1	1	0	0	0	0	2022-11-10T08:36:42.201Z	https://www.google.com/maps/search/exchange/@41.7153491,21.0720523,12z?hl=en	exchange		MK, Ferid Bajram 48		FALSE	Menuvachnica SMART Exchange	5	https://www.google.com/maps/place/Menuvachnica+SMART+Exchange/@42.0212031,21.4495504,17z/data=!3m1!4b1!4m5!3m4!1s0x1354156e92425b33:0x1ab61c6d9f00c9b1!8m2!3d42.0212031!4d21.4495504?hl=en	https://www.facebook.com/SMART-Exchange-Menuvachnica-102817075540278/	""MK, Ferid Bajram 48, Skopje 1000, North Macedonia             MK, Ферид Бајрам 48, Скопје 1000,""""Currency exchange service"""",,,,""""Currency exchange service"""",""""1924757147892107697"""",""""Skopje"""",""""MK"""",""""false"""",,""""42.0212031"""",""""21.4495504"""",,""""MK, Ferid Bajram 48"""",""""false"""",""""+389 71 222 167"""",""""ChIJM1tCkm4VVBMRsckAn20ctho"""",""""2CCX+FR Skopje, North Macedonia"""",""""1000"""",,""""16"""",""""1"""",""""1"""",""""0"""",""""0"""",""""0"""",""""0"""",""""2022-11-10T08:36:42.201Z"""",""""https://www.google.com/maps/search/exchange/@41.7153491,21.0720523,12z?hl=en"""",""""exchange"""",,""""MK, Ferid Bajram 48"""",,""""false"""",""""Menuvachnica SMART Exchange"""",""""5"""",""""https://www.google.com/maps/place/Menuvachnica+SMART+Exchange/@42.0212031,21.4495504,17z/data=!3m1!4b1!4m5!3m4!1s0x1354156e92425b33:0x1ab61c6d9f00c9b1!8m2!3d42.0212031!4d21.4495504?hl=en"""",""""https://www.facebook.com/SMART-Exchange-Menuvachnica-102817075540278/"""""""
"2F38+338, Jani Lukrovski, Skopje 1000, North Macedonia             2F38+338, Јани Лукровски, Скопје 1000	Currency exchange service				Currency exchange service	9,33846E+18	Skopje	MK	FALSE		4.200.266	214.652.068		2F38+338, Jani Lukrovski	FALSE		ChIJC1YIC7kVVBMRiDu1HSvcmIE		1000		15	0	0	0	0	0	0	2022-11-10T08:36:43.623Z	https://www.google.com/maps/search/exchange/@41.7153491,21.0720523,12z?hl=en	exchange		2F38+338, Jani Lukrovski		FALSE	exchange		https://www.google.com/maps/place/exchange/@42.00266,21.4652068,17z/data=!3m1!4b1!4m5!3m4!1s0x135415b90b08560b:0x8198dc2b1db53b88!8m2!3d42.00266!4d21.4652068?hl=en		""2F38+338, Jani Lukrovski, Skopje 1000, North Macedonia             2F38+338, Јани Лукровски, Скопје 1000,""""Currency exchange service"""",,,,""""Currency exchange service"""",""""9338455905092844424"""",""""Skopje"""",""""MK"""",""""false"""",,""""42.00266"""",""""21.4652068"""",,""""2F38+338, Jani Lukrovski"""",""""false"""",,""""ChIJC1YIC7kVVBMRiDu1HSvcmIE"""",,""""1000"""",,""""15"""",""""0"""",""""0"""",""""0"""",""""0"""",""""0"""",""""0"""",""""2022-11-10T08:36:43.623Z"""",""""https://www.google.com/maps/search/exchange/@41.7153491,21.0720523,12z?hl=en"""",""""exchange"""",,""""2F38+338, Jani Lukrovski"""",,""""false"""",""""exchange"""",,""""https://www.google.com/maps/place/exchange/@42.00266,21.4652068,17z/data=!3m1!4b1!4m5!3m4!1s0x135415b90b08560b:0x8198dc2b1db53b88!8m2!3d42.00266!4d21.4652068?hl=en"""","""
"Skopje 1000, North Macedonia,	Currency exchange service	Hardware store			Currency exchange service	7,28386E+18	Skopje	MK	FALSE		419.970.643	214.037.407		Skopje 1000	FALSE	+389 79 322 873	ChIJe8n0Rz0VVBMR_OZW-PB2FWU	XCW3+RF Skopje, North Macedonia			14	2	2	0	0	0	0	2022-11-10T08:36:45.618Z	https://www.google.com/maps/search/exchange/@41.7153491,21.0720523,12z?hl=en	exchange		Skopje 1000		FALSE	Bitcoin Skopje	5	https://www.google.com/maps/place/Bitcoin+Skopje/@41.9970643,21.4037407,17z/data=!3m1!4b1!4m5!3m4!1s0x1354153d47f4c97b:0x651576f0f856e6fc!8m2!3d41.9970643!4d21.4037407?hl=en		""Skopje 1000, North Macedonia,""""Currency exchange service"""",""""Hardware store"""",,,""""Currency exchange service"""",""""7283858749672318716"""",""""Skopje"""",""""MK"""",""""false"""",,""""41.9970643"""",""""21.4037407"""",,""""Skopje 1000"""",""""false"""",""""+389 79 322 873"""",""""ChIJe8n0Rz0VVBMR_OZW-PB2FWU"""",""""XCW3+RF Skopje, North Macedonia"""",,,""""14"""",""""2"""",""""2"""",""""0"""",""""0"""",""""0"""",""""0"""",""""2022-11-10T08:36:45.618Z"""",""""https://www.google.com/maps/search/exchange/@41.7153491,21.0720523,12z?hl=en"""",""""exchange"""",,""""Skopje 1000"""",,""""false"""",""""Bitcoin Skopje"""",""""5"""",""""https://www.google.com/maps/place/Bitcoin+Skopje/@41.9970643,21.4037407,17z/data=!3m1!4b1!4m5!3m4!1s0x1354153d47f4c97b:0x651576f0f856e6fc!8m2!3d41.9970643!4d21.4037407?hl=en"""","""
"Ul. Filip 2 Makedonski br.1 dukan.2 Skopje MK, 1010, North Macedonia	Currency exchange service				Currency exchange service	4,34048E+18	Skopje	MK	FALSE		419.997.681	214.373.308		Ul. Filip 2 Makedonski br.1 dukan.2 Skopje MK	FALSE	+389 71 411 411	ChIJ-1mKCKEVVBMRq72jg5Z8PDw	XCXP+WW Skopje, North Macedonia	1010		13	6	6	0	0	0	0	2022-11-10T08:36:53.462Z	https://www.google.com/maps/search/exchange/@41.7153491,21.0720523,12z?hl=en	exchange		Ul. Filip 2 Makedonski br.1 dukan.2 Skopje MK		FALSE	cryptotresor.mk	5	https://www.google.com/maps/place/cryptotresor.mk/@41.9997681,21.4373308,17z/data=!3m1!4b1!4m5!3m4!1s0x135415a1088a59fb:0x3c3c7c9683a3bdab!8m2!3d41.9997689!4d21.4373309?hl=en	http://www.cryptotresor.mk/	""Ul. Filip 2 Makedonski br.1 dukan.2 Skopje MK, 1010, North Macedonia,""""Currency exchange service"""",,,,""""Currency exchange service"""",""""4340481126773800363"""",""""Skopje"""",""""MK"""",""""false"""",,""""41.9997681"""",""""21.4373308"""",,""""Ul. Filip 2 Makedonski br.1 dukan.2 Skopje MK"""",""""false"""",""""+389 71 411 411"""",""""ChIJ-1mKCKEVVBMRq72jg5Z8PDw"""",""""XCXP+WW Skopje, North Macedonia"""",""""1010"""",,""""13"""",""""6"""",""""6"""",""""0"""",""""0"""",""""0"""",""""0"""",""""2022-11-10T08:36:53.462Z"""",""""https://www.google.com/maps/search/exchange/@41.7153491,21.0720523,12z?hl=en"""",""""exchange"""",,""""Ul. Filip 2 Makedonski br.1 dukan.2 Skopje MK"""",,""""false"""",""""cryptotresor.mk"""",""""5"""",""""https://www.google.com/maps/place/cryptotresor.mk/@41.9997681,21.4373308,17z/data=!3m1!4b1!4m5!3m4!1s0x135415a1088a59fb:0x3c3c7c9683a3bdab!8m2!3d41.9997689!4d21.4373309?hl=en"""",""""http://www.cryptotresor.mk/"""""""
"Ul. 8 Septemvri Br. 3 Lokal. 2, Skopje 1000, North Macedonia	Currency exchange service				Currency exchange service	1,82421E+19	Skopje	MK	FALSE		419.988.531	214.037.503		Ul. 8 Septemvri Br. 3 Lokal. 2	FALSE	+389 71 341 143	ChIJTe_xAGMVVBMRS_0El5khKf0	XCX3+GG Skopje, North Macedonia	1000		12	0	0	0	0	0	0	2022-11-10T08:37:00.470Z	https://www.google.com/maps/search/exchange/@41.7153491,21.0720523,12z?hl=en	exchange		Ul. 8 Septemvri Br. 3 Lokal. 2		FALSE	TresorX		https://www.google.com/maps/place/TresorX/@41.9988531,21.4037503,17z/data=!3m1!4b1!4m5!3m4!1s0x1354156300f1ef4d:0xfd2921999704fd4b!8m2!3d41.9988531!4d21.4037503?hl=en	https://www.tresorx.mk/	""Ul. 8 Septemvri Br. 3 Lokal. 2, Skopje 1000, North Macedonia,""""Currency exchange service"""",,,,""""Currency exchange service"""",""""18242148709188304203"""",""""Skopje"""",""""MK"""",""""false"""",,""""41.9988531"""",""""21.4037503"""",,""""Ul. 8 Septemvri Br. 3 Lokal. 2"""",""""false"""",""""+389 71 341 143"""",""""ChIJTe_xAGMVVBMRS_0El5khKf0"""",""""XCX3+GG Skopje, North Macedonia"""",""""1000"""",,""""12"""",""""0"""",""""0"""",""""0"""",""""0"""",""""0"""",""""0"""",""""2022-11-10T08:37:00.470Z"""",""""https://www.google.com/maps/search/exchange/@41.7153491,21.0720523,12z?hl=en"""",""""exchange"""",,""""Ul. 8 Septemvri Br. 3 Lokal. 2"""",,""""false"""",""""TresorX"""",,""""https://www.google.com/maps/place/TresorX/@41.9988531,21.4037503,17z/data=!3m1!4b1!4m5!3m4!1s0x1354156300f1ef4d:0xfd2921999704fd4b!8m2!3d41.9988531!4d21.4037503?hl=en"""",""""https://www.tresorx.mk/"""""""
"XCPJ+Q8P, Skopje 1000, North Macedonia	Money transfer service				Money transfer service	1,70238E+19	Skopje	MK	FALSE		419.869.543	214.308.168		XCPJ+Q8P	FALSE		ChIJvz7EyGIVVBMR7mpYbjbaQOw				11	0	0	0	0	0	0	2022-11-10T08:37:10.250Z	https://www.google.com/maps/search/exchange/@41.7153491,21.0720523,12z?hl=en	exchange		XCPJ+Q8P		FALSE	Menuvacnica - Exchange Office		https://www.google.com/maps/place/Menuvacnica+-+Exchange+Office/@41.9869543,21.4308168,17z/data=!3m1!4b1!4m5!3m4!1s0x13541562c8c43ebf:0xec40da366e586aee!8m2!3d41.9869474!4d21.4308325?hl=en		""XCPJ+Q8P, Skopje 1000, North Macedonia,""""Money transfer service"""",,,,""""Money transfer service"""",""""17023846518774852334"""",""""Skopje"""",""""MK"""",""""false"""",,""""41.9869543"""",""""21.4308168"""",,""""XCPJ+Q8P"""",""""false"""",,""""ChIJvz7EyGIVVBMR7mpYbjbaQOw"""",,,,""""11"""",""""0"""",""""0"""",""""0"""",""""0"""",""""0"""",""""0"""",""""2022-11-10T08:37:10.250Z"""",""""https://www.google.com/maps/search/exchange/@41.7153491,21.0720523,12z?hl=en"""",""""exchange"""",,""""XCPJ+Q8P"""",,""""false"""",""""Menuvacnica - Exchange Office"""",,""""https://www.google.com/maps/place/Menuvacnica+-+Exchange+Office/@41.9869543,21.4308168,17z/data=!3m1!4b1!4m5!3m4!1s0x13541562c8c43ebf:0xec40da366e586aee!8m2!3d41.9869474!4d21.4308325?hl=en"""","""
"Kosturski heroi 6, Skopje Vasil Glavinov 3/1/1 lok. 9/1, Skopje Kej 13 Noemvri, GTC - Prizemje, Skopje Petar Petrovikj Njegosh 12, Bitola MK, Булевар Туристичка 54, Oh?r 1000, North Macedonia	Currency exchange service				Currency exchange service	1,22585E+19	Охрид	MK	FALSE		419.962.735	21.427.634		Kosturski heroi 6, Skopje Vasil Glavinov 3/1/1 lok. 9/1, Skopje Kej 13 Noemvri, GTC - Prizemje, Skopje Petar Petrovikj Njegosh 12, Bitola MK, Булевар Туристичка 54	FALSE	+389 2 321 5505	ChIJebchRaQVVBMRIVOcceMPH6o	XCWH+G3 Skopje, North Macedonia	1000		10	2	0	0	1	1	0	2022-11-10T08:37:18.182Z	https://www.google.com/maps/search/exchange/@41.7153491,21.0720523,12z?hl=en	exchange		Kosturski heroi 6, Skopje Vasil Glavinov 3/1/1 lok. 9/1, Skopje Kej 13 Noemvri, GTC - Prizemje, Skopje Petar Petrovikj Njegosh 12, Bitola MK, Булевар Туристичка 54		FALSE	Globalex	2	https://www.google.com/maps/place/Globalex/@41.9962735,21.427634,17z/data=!3m1!4b1!4m5!3m4!1s0x135415a44521b779:0xaa1f0fe3719c5321!8m2!3d41.9962719!4d21.4275984?hl=en	http://globalex.com.mk/	""Kosturski heroi 6, Skopje Vasil Glavinov 3/1/1 lok. 9/1, Skopje Kej 13 Noemvri, GTC - Prizemje, Skopje Petar Petrovikj Njegosh 12, Bitola MK, Булевар Туристичка 54, Oh?r 1000, North Macedonia,""""Currency exchange service"""",,,,""""Currency exchange service"""",""""12258534180263842593"""",""""Охрид"""",""""MK"""",""""false"""",,""""41.9962735"""",""""21.427634"""",,""""Kosturski heroi 6, Skopje Vasil Glavinov 3/1/1 lok. 9/1, Skopje Kej 13 Noemvri, GTC - Prizemje, Skopje Petar Petrovikj Njegosh 12, Bitola MK, Булевар Туристичка 54"""",""""false"""",""""+389 2 321 5505"""",""""ChIJebchRaQVVBMRIVOcceMPH6o"""",""""XCWH+G3 Skopje, North Macedonia"""",""""1000"""",,""""10"""",""""2"""",""""0"""",""""0"""",""""1"""",""""1"""",""""0"""",""""2022-11-10T08:37:18.182Z"""",""""https://www.google.com/maps/search/exchange/@41.7153491,21.0720523,12z?hl=en"""",""""exchange"""",,""""Kosturski heroi 6, Skopje Vasil Glavinov 3/1/1 lok. 9/1, Skopje Kej 13 Noemvri, GTC - Prizemje, Skopje Petar Petrovikj Njegosh 12, Bitola MK, Булевар Туристичка 54"""",,""""false"""",""""Globalex"""",""""2"""",""""https://www.google.com/maps/place/Globalex/@41.9962735,21.427634,17z/data=!3m1!4b1!4m5!3m4!1s0x135415a44521b779:0xaa1f0fe3719c5321!8m2!3d41.9962719!4d21.4275984?hl=en"""",""""http://globalex.com.mk/"""""""
"Bul. Partizanski Odredi 14A Skopje MK, 1000, North Macedonia	Currency exchange service				Currency exchange service	1,13851E+18	Skopje	MK	FALSE		419.985.923	214.249.382		Bul. Partizanski Odredi 14A Skopje MK	FALSE	+389 77 705 070	ChIJSxaDLmIVVBMR914Cn_rPzA8	XCXF+CX Skopje, North Macedonia	1000		9	7	7	0	0	0	0	2022-11-10T08:37:26.755Z	https://www.google.com/maps/search/exchange/@41.7153491,21.0720523,12z?hl=en	exchange		Bul. Partizanski Odredi 14A Skopje MK		FALSE	CoinPrime - Bitcoin Shop	5	https://www.google.com/maps/place/CoinPrime+-+Bitcoin+Shop/@41.9985923,21.4249382,17z/data=!3m1!4b1!4m5!3m4!1s0x135415622e83164b:0xfcccffa9f025ef7!8m2!3d41.9985923!4d21.4249382?hl=en	http://coinprime.io/	""Bul. Partizanski Odredi 14A Skopje MK, 1000, North Macedonia,""""Currency exchange service"""",,,,""""Currency exchange service"""",""""1138513481134399223"""",""""Skopje"""",""""MK"""",""""false"""",,""""41.9985923"""",""""21.4249382"""",,""""Bul. Partizanski Odredi 14A Skopje MK"""",""""false"""",""""+389 77 705 070"""",""""ChIJSxaDLmIVVBMR914Cn_rPzA8"""",""""XCXF+CX Skopje, North Macedonia"""",""""1000"""",,""""9"""",""""7"""",""""7"""",""""0"""",""""0"""",""""0"""",""""0"""",""""2022-11-10T08:37:26.755Z"""",""""https://www.google.com/maps/search/exchange/@41.7153491,21.0720523,12z?hl=en"""",""""exchange"""",,""""Bul. Partizanski Odredi 14A Skopje MK"""",,""""false"""",""""CoinPrime - Bitcoin Shop"""",""""5"""",""""https://www.google.com/maps/place/CoinPrime+-+Bitcoin+Shop/@41.9985923,21.4249382,17z/data=!3m1!4b1!4m5!3m4!1s0x135415622e83164b:0xfcccffa9f025ef7!8m2!3d41.9985923!4d21.4249382?hl=en"""",""""http://coinprime.io/"""""""
"bul. PARTIZANSKI ODREDI 48A SKOPJE MK, 1000, North Macedonia	Currency exchange service				Currency exchange service	5,35107E+18	Skopje	MK	FALSE		420.013.016	21.411.957		bul. PARTIZANSKI ODREDI 48A SKOPJE MK	FALSE	+389 75 261 910	ChIJr0qVN5wVVBMREuBr2XzRQko	2C26+GQ Skopje, North Macedonia	1000		8	2	2	0	0	0	0	2022-11-10T08:37:34.280Z	https://www.google.com/maps/search/exchange/@41.7153491,21.0720523,12z?hl=en	exchange		bul. PARTIZANSKI ODREDI 48A SKOPJE MK		FALSE	Simona-DS Exchange Office	5	https://www.google.com/maps/place/Simona-DS+Exchange+Office/@42.0013016,21.411957,17z/data=!3m1!4b1!4m5!3m4!1s0x1354159c37954aaf:0x4a42d17cd96be012!8m2!3d42.0013016!4d21.411957?hl=en	https://www.facebook.com/profile.php?id=100085920069816	""bul. PARTIZANSKI ODREDI 48A SKOPJE MK, 1000, North Macedonia,""""Currency exchange service"""",,,,""""Currency exchange service"""",""""5351069641423446034"""",""""Skopje"""",""""MK"""",""""false"""",,""""42.0013016"""",""""21.411957"""",,""""bul. PARTIZANSKI ODREDI 48A SKOPJE MK"""",""""false"""",""""+389 75 261 910"""",""""ChIJr0qVN5wVVBMREuBr2XzRQko"""",""""2C26+GQ Skopje, North Macedonia"""",""""1000"""",,""""8"""",""""2"""",""""2"""",""""0"""",""""0"""",""""0"""",""""0"""",""""2022-11-10T08:37:34.280Z"""",""""https://www.google.com/maps/search/exchange/@41.7153491,21.0720523,12z?hl=en"""",""""exchange"""",,""""bul. PARTIZANSKI ODREDI 48A SKOPJE MK"""",,""""false"""",""""Simona-DS Exchange Office"""",""""5"""",""""https://www.google.com/maps/place/Simona-DS+Exchange+Office/@42.0013016,21.411957,17z/data=!3m1!4b1!4m5!3m4!1s0x1354159c37954aaf:0x4a42d17cd96be012!8m2!3d42.0013016!4d21.411957?hl=en"""",""""https://www.facebook.com/profile.php?id=100085920069816"""""""
"5/2-1, Nikola Vapcarov, Skopje 1000, North Macedonia	Currency exchange service	Money transfer service			Currency exchange service	1,58296E+19	Skopje	MK	FALSE		41.995.551	21.430.677		5/2-1, Nikola Vapcarov	FALSE	+389 2 323 9522	ChIJESBnirQVVBMRtfwjkPnbrds	XCWJ+67 Skopje, North Macedonia	1000		6	8	4	1	2	1	0	2022-11-10T08:37:42.121Z	https://www.google.com/maps/search/exchange/@41.7153491,21.0720523,12z?hl=en	exchange		5/2-1, Nikola Vapcarov		FALSE	Intercoop - Currency Exchange Office	03.јун	https://www.google.com/maps/place/Intercoop+-+Currency+Exchange+Office/@41.995551,21.430677,17z/data=!3m1!4b1!4m5!3m4!1s0x135415b48a672011:0xdbaddbf99023fcb5!8m2!3d41.995551!4d21.430677?hl=en	http://intercoop.delovski.net/	""5/2-1, Nikola Vapcarov, Skopje 1000, North Macedonia,""""Currency exchange service"""",""""Money transfer service"""",,,""""Currency exchange service"""",""""15829550130188778677"""",""""Skopje"""",""""MK"""",""""false"""",,""""41.995551"""",""""21.430677"""",,""""5/2-1, Nikola Vapcarov"""",""""false"""",""""+389 2 323 9522"""",""""ChIJESBnirQVVBMRtfwjkPnbrds"""",""""XCWJ+67 Skopje, North Macedonia"""",""""1000"""",,""""6"""",""""8"""",""""4"""",""""1"""",""""2"""",""""1"""",""""0"""",""""2022-11-10T08:37:42.121Z"""",""""https://www.google.com/maps/search/exchange/@41.7153491,21.0720523,12z?hl=en"""",""""exchange"""",,""""5/2-1, Nikola Vapcarov"""",,""""false"""",""""Intercoop - Currency Exchange Office"""",""""3.6"""",""""https://www.google.com/maps/place/Intercoop+-+Currency+Exchange+Office/@41.995551,21.430677,17z/data=!3m1!4b1!4m5!3m4!1s0x135415b48a672011:0xdbaddbf99023fcb5!8m2!3d41.995551!4d21.430677?hl=en"""",""""http://intercoop.delovski.net/"""""""
"Centar, Skopje Statistical Region 1000, North Macedonia	Currency exchange service				Currency exchange service	4,45659E+18	Skopje	MK	FALSE		419.927.944	214.196.994		Centar, Skopje Statistical Region 1000	FALSE		ChIJf814VjAVVBMRp0d0yR_62D0	XCV9+4V Skopje, North Macedonia			5	0	0	0	0	0	0	2022-11-10T08:37:49.528Z	https://www.google.com/maps/search/exchange/@41.7153491,21.0720523,12z?hl=en	exchange		Centar, Skopje Statistical Region 1000		FALSE	Exchange		https://www.google.com/maps/place/Exchange/@41.9927944,21.4196994,17z/data=!3m1!4b1!4m5!3m4!1s0x135415305678cd7f:0x3dd8fa1fc97447a7!8m2!3d41.9926828!4d21.4196795?hl=en		""Centar, Skopje Statistical Region 1000, North Macedonia,""""Currency exchange service"""",,,,""""Currency exchange service"""",""""4456586845713876903"""",""""Skopje"""",""""MK"""",""""false"""",,""""41.9927944"""",""""21.4196994"""",,""""Centar, Skopje Statistical Region 1000"""",""""false"""",,""""ChIJf814VjAVVBMRp0d0yR_62D0"""",""""XCV9+4V Skopje, North Macedonia"""",,,""""5"""",""""0"""",""""0"""",""""0"""",""""0"""",""""0"""",""""0"""",""""2022-11-10T08:37:49.528Z"""",""""https://www.google.com/maps/search/exchange/@41.7153491,21.0720523,12z?hl=en"""",""""exchange"""",,""""Centar, Skopje Statistical Region 1000"""",,""""false"""",""""Exchange"""",,""""https://www.google.com/maps/place/Exchange/@41.9927944,21.4196994,17z/data=!3m1!4b1!4m5!3m4!1s0x135415305678cd7f:0x3dd8fa1fc97447a7!8m2!3d41.9926828!4d21.4196795?hl=en"""","""
"Vasil Glavinov 7, Skopje 1000, North Macedonia             Даме Груев 7, Скопје 1000	Currency exchange service	Money transfer service			Currency exchange service	9,59309E+18	Skopje	MK	FALSE		419.926.972	214.287.177		Vasil Glavinov 7	FALSE	+389 71 815 351	ChIJ0V-eXLUVVBMRzeqbH9aDIYU	XCVH+3F Skopje, North Macedonia	1000		4	0	0	0	0	0	0	2022-11-10T08:37:52.628Z	https://www.google.com/maps/search/exchange/@41.7153491,21.0720523,12z?hl=en	exchange		Vasil Glavinov 7		FALSE	TOP - EX		https://www.google.com/maps/place/TOP+-+EX/@41.9926972,21.4287177,17z/data=!3m1!4b1!4m5!3m4!1s0x135415b55c9e5fd1:0x852183d61f9beacd!8m2!3d41.9926972!4d21.4287177?hl=en	https://top-exchange.business.site/	""Vasil Glavinov 7, Skopje 1000, North Macedonia             Даме Груев 7, Скопје 1000,""""Currency exchange service"""",""""Money transfer service"""",,,""""Currency exchange service"""",""""9593093636952419021"""",""""Skopje"""",""""MK"""",""""false"""",,""""41.9926972"""",""""21.4287177"""",,""""Vasil Glavinov 7"""",""""false"""",""""+389 71 815 351"""",""""ChIJ0V-eXLUVVBMRzeqbH9aDIYU"""",""""XCVH+3F Skopje, North Macedonia"""",""""1000"""",,""""4"""",""""0"""",""""0"""",""""0"""",""""0"""",""""0"""",""""0"""",""""2022-11-10T08:37:52.628Z"""",""""https://www.google.com/maps/search/exchange/@41.7153491,21.0720523,12z?hl=en"""",""""exchange"""",,""""Vasil Glavinov 7"""",,""""false"""",""""TOP - EX"""",,""""https://www.google.com/maps/place/TOP+-+EX/@41.9926972,21.4287177,17z/data=!3m1!4b1!4m5!3m4!1s0x135415b55c9e5fd1:0x852183d61f9beacd!8m2!3d41.9926972!4d21.4287177?hl=en"""",""""https://top-exchange.business.site/"""""""
"Boulevard Jane Sandanski 71a, Skopje 1000, North Macedonia             Булевар Јане Сандански 71a, Скопје 1000	Currency exchange service				Currency exchange service	3,40569E+18	Skopje	MK	FALSE	Capitol Mall	419.859.997	214.663.452		Boulevard Jane Sandanski 71a	FALSE		ChIJlYj434wVVBMRfwK0D2RzQy8	XFP8+9G Skopje, North Macedonia	1000		3	0	0	0	0	0	0	2022-11-10T08:37:58.082Z	https://www.google.com/maps/search/exchange/@41.7153491,21.0720523,12z?hl=en	exchange		Boulevard Jane Sandanski 71a		FALSE	Менувачница Exchange Office		https://www.google.com/maps/place/%D0%9C%D0%B5%D0%BD%D1%83%D0%B2%D0%B0%D1%87%D0%BD%D0%B8%D1%86%D0%B0+Exchange+Office/@41.9859997,21.4663452,17z/data=!3m1!4b1!4m5!3m4!1s0x1354158cdff88895:0x2f4373640fb4027f!8m2!3d41.9858934!4d21.4662373?hl=en		""Boulevard Jane Sandanski 71a, Skopje 1000, North Macedonia             Булевар Јане Сандански 71a, Скопје 1000,""""Currency exchange service"""",,,,""""Currency exchange service"""",""""3405692616819606143"""",""""Skopje"""",""""MK"""",""""false"""",""""Capitol Mall"""",""""41.9859997"""",""""21.4663452"""",,""""Boulevard Jane Sandanski 71a"""",""""false"""",,""""ChIJlYj434wVVBMRfwK0D2RzQy8"""",""""XFP8+9G Skopje, North Macedonia"""",""""1000"""",,""""3"""",""""0"""",""""0"""",""""0"""",""""0"""",""""0"""",""""0"""",""""2022-11-10T08:37:58.082Z"""",""""https://www.google.com/maps/search/exchange/@41.7153491,21.0720523,12z?hl=en"""",""""exchange"""",,""""Boulevard Jane Sandanski 71a"""",,""""false"""",""""Менувачница Exchange Office"""",,""""https://www.google.com/maps/place/%D0%9C%D0%B5%D0%BD%D1%83%D0%B2%D0%B0%D1%87%D0%BD%D0%B8%D1%86%D0%B0+Exchange+Office/@41.9859997,21.4663452,17z/data=!3m1!4b1!4m5!3m4!1s0x1354158cdff88895:0x2f4373640fb4027f!8m2!3d41.9858934!4d21.4662373?hl=en"""","""
"XCWJ+63P, Skopje 1000, North Macedonia	Currency exchange service				Currency exchange service	9,58883E+18	Skopje	MK	FALSE		419.955.757	21.430.212		XCWJ+63P	FALSE	+389 70 367 096	ChIJR0V8i7QVVBMRVLAWZk5eEoU		1000		2	3	1	0	2	0	0	2022-11-10T08:38:01.392Z	https://www.google.com/maps/search/exchange/@41.7153491,21.0720523,12z?hl=en	exchange		XCWJ+63P		FALSE	Exchange Office	02.мар	https://www.google.com/maps/place/Exchange+Office/@41.9955757,21.430212,17z/data=!3m1!4b1!4m5!3m4!1s0x135415b48b7c4547:0x85125e4e6616b054!8m2!3d41.9955757!4d21.430212?hl=en		""XCWJ+63P, Skopje 1000, North Macedonia,""""Currency exchange service"""",,,,""""Currency exchange service"""",""""9588830247438430292"""",""""Skopje"""",""""MK"""",""""false"""",,""""41.9955757"""",""""21.430212"""",,""""XCWJ+63P"""",""""false"""",""""+389 70 367 096"""",""""ChIJR0V8i7QVVBMRVLAWZk5eEoU"""",,""""1000"""",,""""2"""",""""3"""",""""1"""",""""0"""",""""2"""",""""0"""",""""0"""",""""2022-11-10T08:38:01.392Z"""",""""https://www.google.com/maps/search/exchange/@41.7153491,21.0720523,12z?hl=en"""",""""exchange"""",,""""XCWJ+63P"""",,""""false"""",""""Exchange Office"""",""""2.3"""",""""https://www.google.com/maps/place/Exchange+Office/@41.9955757,21.430212,17z/data=!3m1!4b1!4m5!3m4!1s0x135415b48b7c4547:0x85125e4e6616b054!8m2!3d41.9955757!4d21.430212?hl=en"""","""
"8HW3+7XF, Jane Sandanski, Prilep, North Macedonia	Money order service				Money order service	3,08123E+17	Prilep	MK	FALSE		413.456.935	215.549.103		8HW3+7XF, Jane Sandanski	FALSE		ChIJgcVQg7vrVhMRmmOam92rRgQ				9	2	2	0	0	0	0	2022-11-10T08:38:10.151Z	https://www.google.com/maps/search/exchange/@41.5122149,21.0720523,12z?hl=en	exchange		8HW3+7XF, Jane Sandanski		FALSE	MoneyGram Currency Exchange	5	https://www.google.com/maps/place/MoneyGram+Currency+Exchange/@41.3456935,21.5549103,17z/data=!3m1!4b1!4m5!3m4!1s0x1356ebbb8350c581:0x446abdd9b9a639a!8m2!3d41.3456935!4d21.5549103?hl=en		""8HW3+7XF, Jane Sandanski, Prilep, North Macedonia,""""Money order service"""",,,,""""Money order service"""",""""308122592808166298"""",""""Prilep"""",""""MK"""",""""false"""",,""""41.3456935"""",""""21.5549103"""",,""""8HW3+7XF, Jane Sandanski"""",""""false"""",,""""ChIJgcVQg7vrVhMRmmOam92rRgQ"""",,,,""""9"""",""""2"""",""""2"""",""""0"""",""""0"""",""""0"""",""""0"""",""""2022-11-10T08:38:10.151Z"""",""""https://www.google.com/maps/search/exchange/@41.5122149,21.0720523,12z?hl=en"""",""""exchange"""",,""""8HW3+7XF, Jane Sandanski"""",,""""false"""",""""MoneyGram Currency Exchange"""",""""5"""",""""https://www.google.com/maps/place/MoneyGram+Currency+Exchange/@41.3456935,21.5549103,17z/data=!3m1!4b1!4m5!3m4!1s0x1356ebbb8350c581:0x446abdd9b9a639a!8m2!3d41.3456935!4d21.5549103?hl=en"""","""
